"id","loan_amnt","funded_amnt","term","int_rate","installment","emp_length","home_ownership","annual_inc","loan_status","purpose","addr_state","dti","delinq_2yrs","earliest_cr_line","mths_since_last_delinq","open_acc","revol_bal","total_acc","out_prncp","total_pymnt","total_rec_prncp","total_rec_int","wtd_loans","interest_rate","int_rate2","num_rate","numrate"
999547,16000,16000," 36 months","10.16%",517.48,"n/a","RENT",155000,"Late (31-120 days)","debt_consolidation","CA",26.49,0,"1982-11-25 12:58:00",,18,58888,35,11999.79,5391.45,4000.21,1365.39,,,"10.16%",,
1061580,27575,27575," 60 months","12.69%",623.05,"1 year","RENT",91200,"Charged Off","credit_card","CA",27.69,0,"1995-08-04 04:07:00",,13,45053,29,0,1866.87,1003.66,863.21,,,"12.69%",,
1074785,4800,4800," 36 months","12.69%",161.02,"6 years","MORTGAGE",48000,"Charged Off","home_improvement","NM",4,0,"1999-06-25 08:34:00",,4,1361,7,0,1925.64,1398.06,527.58,,,"12.69%",,
1076316,19200,19200," 60 months","20.30%",511.9,"10+ years","MORTGAGE",150000,"Charged Off","debt_consolidation","GA",6.18,0,"2000-04-22 09:29:00",40,10,17541,19,0,5118.17,2013.42,3088.78,,,"20.30%",,
1098366,21000,21000," 60 months","12.69%",474.49,"6 years","MORTGAGE",70000,"Late (31-120 days)","debt_consolidation","SC",20.85,0,"2003-09-21 11:37:00",,15,8865,34,15121.56,9962.87,5878.44,4084.43,,,"12.69%",,
1099469,8325,8325," 36 months","14.65%",287.17,"5 years","RENT",20000,"Charged Off","credit_card","NY",14.94,0,"1999-09-13 11:51:00",48,4,9022,8,0,2408.78,1345.89,662.2,,,"14.65%",,
1102636,5000,5000," 36 months","14.65%",172.48,"< 1 year","RENT",150000,"Charged Off","debt_consolidation","NY",1.63,1,"2005-05-16 12:37:00",18,9,3847,18,0,1895.08,1301.95,593.13,,,"14.65%",,
1110001,18000,18000," 36 months","7.90%",563.23,"10+ years","MORTGAGE",36000,"In Grace Period","debt_consolidation","KS",9.4,0,"2001-01-12 09:11:00",,12,14561,26,6486.81,13507.2,11513.19,1994.01,,,"7.90%",,
1112033,4000,4000," 36 months","12.69%",134.18,"10+ years","MORTGAGE",66000,"Charged Off","wedding","NJ",21.09,0,"1998-10-28 10:39:00",,11,10054,29,0,800.82,563.07,237.75,,,"12.69%",,
1114693,7000,7000," 36 months","8.90%",222.28,"4 years","OWN",28000,"Late (31-120 days)","debt_consolidation","IL",19.2,0,"1987-10-27 09:18:00",,7,6908,17,2951.74,4882.24,4048.26,833.98,,,"8.90%",,
1130305,14000,14000," 36 months","9.91%",451.15,"2 years","RENT",25356,"Charged Off","small_business","NC",16.56,0,"1994-08-02 01:22:00",,4,0,4,0,928.49,335.17,115.49,,,"9.91%",,
1138771,9000,9000," 36 months","15.27%",313.18,"7 years","RENT",40000,"Charged Off","small_business","MD",4.9,0,"2006-05-06 11:36:00",,7,6383,10,0,5479.85,3828.4,1651.45,,,"15.27%",,
1140849,8000,8000," 36 months","14.27%",274.48,"2 years","RENT",57000,"Charged Off","debt_consolidation","NY",12.42,0,"2003-03-25 10:07:00",,4,5469,22,0,2300.43,1297.32,618.44,,,"14.27%",,
1141464,20000,20000," 36 months","8.90%",635.07,"5 years","RENT",120000,"Charged Off","debt_consolidation","CA",10.34,0,"1997-11-28 03:28:00",,8,13576,26,0,2538.32,1967.19,571.13,,,"8.90%",,
1143076,5400,5400," 36 months","10.74%",176.13,"6 years","MORTGAGE",30000,"Charged Off","debt_consolidation","CA",13.1,0,"2006-12-05 12:40:00",,9,7589,16,0,1581.93,1189.81,392.12,,,"10.74%",,
1145235,15000,15000," 36 months","13.99%",512.6,"2 years","MORTGAGE",57000,"Default","debt_consolidation","CA",18.95,0,"2005-12-11 03:34:00",,15,13797,26,7875.15,9723.25,7124.85,2598.4,,,"13.99%",,
1153863,6000,6000," 36 months","16.29%",211.81,"3 years","RENT",50000,"Charged Off","credit_card","WI",12.1,0,"1992-11-27 10:56:00",39,8,4662,26,0,3170.7,2148.23,1022.47,,,"16.29%",,
1156752,20000,20000," 60 months","12.12%",446.11,"6 years","RENT",42000,"Late (31-120 days)","debt_consolidation","NY",16.97,0,"2001-10-14 01:18:00",,11,8337,21,14034.4,9790.44,5965.6,3824.84,,,"12.12%",,
1159899,25000,25000," 60 months","15.31%",598.83,"1 year","MORTGAGE",80000,"Late (16-30 days)","credit_card","OH",11.88,0,"1999-06-20 08:04:00",,14,29045,22,18326.28,12574.63,6673.72,5900.91,,,"15.31%",,
1162420,35000,35000," 60 months","23.33%",993.32,"8 years","RENT",92436.99,"Charged Off","debt_consolidation","UT",12.4,0,"1992-08-07 10:07:00",29,14,22933,32,0,8937.58,3032.66,5904.92,,,"23.33%",,
1166679,11500,11500," 36 months","7.62%",358.36,"5 years","RENT",35400,"Charged Off","debt_consolidation","OK",11.05,0,"2000-05-31 05:00:00",,12,14793,22,0,6713.59,6572.18,141.41,,,"7.62%",,
1170425,10000,10000," 60 months","13.99%",232.64,"6 years","RENT",39000,"Default","debt_consolidation","NC",14.52,0,"2004-01-24 05:59:00",,9,6167,16,7694.39,4180.5,2305.61,1874.89,,,"13.99%",,
1173918,13000,13000," 36 months","12.12%",432.54,"7 years","RENT",27000,"Charged Off","debt_consolidation","CA",14.22,0,"2002-06-24 01:56:00",,5,12910,8,0,7999.31,6340.34,1637.75,,,"12.12%",,
1187283,16000,16000," 36 months","18.25%",580.45,"7 years","MORTGAGE",41850,"Late (31-120 days)","debt_consolidation","UT",21.1,0,"1999-06-21 06:22:00",,6,14057,15,9099.51,10446.1,6900.49,3545.61,,,"18.25%",,
1191951,10000,10000," 36 months","6.03%",304.36,"9 years","RENT",60000,"Charged Off","debt_consolidation","IL",3.36,0,"1996-06-06 09:33:00",49,7,5959,31,0,4564.2,3947.65,616.55,,,"6.03%",,
1192787,30000,30000," 60 months","22.45%",836.27,"4 years","RENT",90000,"Late (31-120 days)","house","MA",18.4,0,"2002-02-05 09:09:00",55,11,10800,34,23021.95,17559.06,6978.05,10581.01,,,"22.45%",,
1196393,11875,11875," 36 months","6.03%",361.43,"10+ years","MORTGAGE",32886,"Charged Off","debt_consolidation","FL",20.8,0,"1986-09-29 11:20:00",,16,23490,42,0,3612,3084.77,527.23,,,"6.03%",,
1199275,4200,4200," 36 months","6.62%",128.96,"2 years","RENT",85000,"Default","other","FL",11.42,0,"1993-01-28 08:13:00",,11,19623,37,1972.28,2531.25,2227.72,303.53,,,"6.62%",,
1215978,2700,2700," 60 months","20.50%",72.29,"< 1 year","OWN",30000,"Late (31-120 days)","other","NY",7.88,0,"2007-09-22 07:43:00",,5,5528,7,2159.62,1334.17,540.38,778.82,,,"20.50%",,
1224624,27300,27300," 60 months","21.48%",745.95,"n/a","RENT",56000,"Charged Off","debt_consolidation","VA",18.75,0,"1988-03-12 03:32:00",61,11,23713,24,0,6711.84,2487.79,4224.05,,,"21.48%",,
1238860,6000,6000," 36 months","7.90%",187.75,"1 year","OWN",30000,"Late (31-120 days)","small_business","GA",8.35,0,"2006-09-10 08:36:00",,20,1386,22,3012.19,3564.59,2987.81,576.78,,,"7.90%",,
1241624,6000,6000," 36 months","13.99%",205.04,"1 year","RENT",102500,"Charged Off","debt_consolidation","WA",9.87,0,"2003-10-27 01:20:00",42,11,10019,20,0,1843.38,1272.71,570.67,,,"13.99%",,
1242216,16000,16000," 36 months","15.31%",557.08,"10+ years","MORTGAGE",119000,"Default","credit_card","SC",9.99,0,"1988-12-29 02:03:00",,21,55121,38,7696.88,10001.52,8303.12,1698.4,,,"15.31%",,
1248735,8000,8000," 36 months","12.12%",266.18,"10+ years","MORTGAGE",65000,"Late (31-120 days)","home_improvement","NC",23.78,0,"1979-02-09 08:41:00",69,7,1083,45,3919.52,5316.6,4080.49,1236.11,,,"12.12%",,
1251816,6000,6000," 36 months","7.62%",186.97,"< 1 year","RENT",55000,"Late (31-120 days)","small_business","DC",26.81,0,"1997-01-06 12:53:00",,18,6994,31,3176.9,3358.08,2823.11,534.97,,,"7.62%",,
1252575,7600,7600," 60 months","23.33%",215.7,"10+ years","RENT",100000,"Late (31-120 days)","debt_consolidation","TX",12.32,0,"2004-06-28 07:49:00",,10,9894,18,6161.94,3881.69,1438.06,2443.63,,,"23.33%",,
1255139,10000,10000," 36 months","12.12%",332.72,"4 years","OWN",24500,"Charged Off","other","TX",17.53,0,"2005-02-27 05:20:00",,11,7528,23,0,5423.39,3998.8,1424.59,,,"12.12%",,
1255925,2500,2500," 36 months","14.65%",86.24,"n/a","MORTGAGE",50000,"Charged Off","other","OH",19.39,1,"1997-05-08 02:08:00",2,9,872,22,0,1118.78,778.23,340.55,,,"14.65%",,
1267319,25000,25000," 36 months","10.74%",815.4,"6 years","RENT",56000,"Charged Off","debt_consolidation","CA",11.38,0,"2005-06-02 03:16:00",,16,3960,24,0,4558.5,2397.24,862.56,,,"10.74%",,
1280467,8000,8000," 36 months","13.67%",272.15,"< 1 year","RENT",33500,"Charged Off","other","NJ",23.5,0,"2000-01-29 08:32:00",,5,27151,6,0,3265.2,2313.18,952.02,,,"13.67%",,
1281513,23325,23325," 60 months","23.26%",661.04,"10+ years","RENT",47000,"Charged Off","debt_consolidation","OR",22.4,0,"1999-05-15 04:51:00",,11,33483,32,0,9254.25,3310.95,5905.85,,,"23.26%",,
1282099,10800,10800," 36 months","13.11%",364.47,"n/a","RENT",34000,"Charged Off","medical","CA",4.09,0,"2002-01-30 07:07:00",,5,3903,12,0,4464.56,2857.74,1142.19,,,"13.11%",,
1284927,27000,27000," 60 months","19.99%",715.19,"1 year","RENT",110000,"Charged Off","debt_consolidation","CA",15.48,1,"1997-09-24 02:07:00",17,6,1141,21,0,10718.1,4476.65,6241.45,,,"19.99%",,
1307018,23000,23000," 36 months","14.65%",793.37,"9 years","RENT",48401,"In Grace Period","debt_consolidation","AZ",22.34,0,"2001-01-16 01:19:00",47,12,19786,31,11478,15853.2,11522.01,4331.19,,,"14.65%",,
1310390,18000,18000," 60 months","20.50%",481.92,"6 years","MORTGAGE",50000,"Late (31-120 days)","debt_consolidation","TX",18.12,0,"1995-11-08 09:12:00",51,11,3679,52,14584.74,8697.98,3415.26,5282.72,,,"20.50%",,
1324189,10000,10000," 36 months","12.12%",332.72,"8 years","RENT",32000,"Charged Off","debt_consolidation","NY",13.31,0,"2006-10-28 05:50:00",,10,6160,15,0,4653.6,3462.57,1191.03,,,"12.12%",,
1327700,10000,10000," 36 months","15.31%",348.18,"8 years","RENT",30600,"Charged Off","debt_consolidation","NJ",3.84,0,"2001-07-28 08:03:00",69,4,3739,6,0,5220.45,3619.89,1600.56,,,"15.31%",,
1331033,20500,20500," 60 months","17.99%",520.46,"1 year","OWN",41000,"Charged Off","debt_consolidation","IL",20.49,0,"2001-01-30 06:32:00",,6,19478,12,0,7826.92,3552.15,4248.77,,,"17.99%",,
1338029,10000,10000," 36 months","15.81%",350.64,"10+ years","MORTGAGE",40000,"Charged Off","debt_consolidation","FL",21.59,0,"1997-03-26 04:25:00",,13,9084,13,0,4908.41,3234.95,1655.95,,,"15.81%",,
1340757,6000,6000," 36 months","13.67%",204.11,"9 years","RENT",25000,"Late (31-120 days)","medical","OR",7.87,0,"1999-10-12 04:28:00",,4,4807,6,3139.35,3876.57,2860.65,1015.92,,,"13.67%",,
1342347,7300,7300," 36 months","13.67%",248.33,"< 1 year","MORTGAGE",48000,"Charged Off","credit_card","TX",16.28,1,"1981-09-17 09:44:00",16,9,7021,17,0,3724.35,2684.79,1039.56,,,"13.67%",,
1344834,8000,8000," 36 months","13.99%",273.39,"1 year","RENT",65000,"Charged Off","debt_consolidation","WA",33.95,0,"2006-01-09 08:08:00",,19,21632,23,0,722.54,179.95,93.18,,,"13.99%",,
1350197,8800,8800," 36 months","15.31%",306.4,"< 1 year","RENT",18000,"Charged Off","medical","IL",29.2,0,"1998-08-21 03:49:00",61,12,4434,26,0,3156.27,1838.47,918.32,,,"15.31%",,
1352331,20000,20000," 36 months","7.62%",623.23,"10+ years","MORTGAGE",70000,"Charged Off","debt_consolidation","MA",12.27,0,"1983-07-12 08:46:00",,10,4738,21,0,8711.08,7229.64,1481.44,,,"7.62%",,
1357234,4500,4500," 36 months","19.22%",165.46,"< 1 year","RENT",40000,"Charged Off","debt_consolidation","MI",7.35,0,"2001-05-10 06:52:00",,3,6394,7,0,1531.9,787.46,531.42,,,"19.22%",,
1357660,17500,17500," 36 months","7.90%",547.58,"9 years","MORTGAGE",51866.93,"Charged Off","debt_consolidation","TX",29.5,0,"1997-10-28 04:28:00",,16,16658,25,0,1094.76,867.27,227.49,,,"7.90%",,
1368587,31800,31800," 36 months","21.97%",1213.97,"8 years","RENT",125000,"Charged Off","renewable_energy","CA",17.89,1,"2000-05-19 07:05:00",19,16,32500,24,0,11223.83,5386.88,4319.04,,,"21.97%",,
1375044,6000,6000," 36 months","12.12%",199.63,"5 years","RENT",45000,"Charged Off","debt_consolidation","CA",5.55,0,"2007-08-15 03:14:00",,7,7378,10,0,535.48,138.77,60.49,,,"12.12%",,
1375445,25900,25900," 36 months","19.99%",962.41,"10+ years","RENT",89232,"Charged Off","debt_consolidation","CA",3.23,0,"2002-11-09 07:09:00",,7,17718,9,0,4327.19,1608.84,1275.32,,,"19.99%",,
1378620,6300,6300," 36 months","15.31%",219.35,"4 years","MORTGAGE",43000,"Charged Off","credit_card","MO",23.83,0,"2006-04-24 06:28:00",,8,7161,13,0,1643.38,858.8,456.96,,,"15.31%",,
1389699,4325,4325," 36 months","17.77%",155.87,"2 years","MORTGAGE",42968,"Charged Off","debt_consolidation","MI",19.61,0,"2001-02-24 02:05:00",,8,2614,11,0,548.86,184.81,126.59,,,"17.77%",,
1393592,11700,11700," 36 months","18.49%",425.87,"9 years","RENT",35000,"Charged Off","debt_consolidation","VA",34.46,0,"2006-01-31 04:37:00",40,10,1708,20,0,4361.04,2346.33,1477.95,,,"18.49%",,
1394620,8975,8975," 36 months","15.31%",312.49,"10+ years","RENT",89000,"Charged Off","small_business","FL",11.21,7,"1991-07-19 01:50:00",8,9,1400,39,0,2499.68,1656.27,843.41,,,"15.31%",,
1410563,28000,28000," 60 months","23.76%",801.61,"10+ years","MORTGAGE",130000,"Late (31-120 days)","debt_consolidation","GA",26.39,1,"1999-09-15 07:49:00",4,19,70946,34,23448.17,12812.29,4551.83,8260.46,,,"23.76%",,
1411006,6000,6000," 36 months","16.29%",211.81,"2 years","OWN",35000,"Charged Off","credit_card","IL",28.83,2,"1997-08-27 08:14:00",22,16,16868,34,0,1409.92,531.27,564.25,,,"16.29%",,
1411796,18000,18000," 36 months","14.33%",618.09,"6 years","RENT",76760,"Late (31-120 days)","debt_consolidation","MD",26.89,1,"2007-01-07 11:47:00",10,8,5707,14,11432.81,9865.03,6567.19,3266.99,,,"14.33%",,
1412457,10000,10000," 36 months","17.77%",360.38,"10+ years","RENT",35000,"Late (31-120 days)","debt_consolidation","NC",24.21,0,"2006-04-12 05:22:00",,9,10098,11,5691.02,6541.72,4308.98,2232.74,,,"17.77%",,
1422072,9600,9600," 36 months","16.29%",338.89,"2 years","RENT",40000,"Late (31-120 days)","credit_card","CA",20.82,0,"2006-09-14 07:32:00",,7,9729,9,5647.08,5753.48,3952.92,1800.56,,,"16.29%",,
1427809,9600,9600," 36 months","15.31%",334.25,"2 years","RENT",75000,"Charged Off","debt_consolidation","MD",12.93,0,"2007-11-21 09:14:00",,6,12562,9,0,1837.76,863.15,473.41,,,"15.31%",,
1431019,30925,30925," 60 months","21.98%",853.77,"10+ years","MORTGAGE",134000,"Charged Off","debt_consolidation","UT",20.3,0,"1993-11-25 01:52:00",,14,112055,29,0,7683.3,2783.5,4899.8,,,"21.98%",,
1433303,11875,11875," 36 months","18.49%",432.24,"7 years","RENT",77000,"Charged Off","debt_consolidation","NJ",5.36,0,"2006-05-22 08:58:00",,16,10851,29,0,2170.29,1485.74,684.55,,,"18.49%",,
1438944,31825,31825," 60 months","24.83%",930.94,"8 years","MORTGAGE",80640,"Charged Off","debt_consolidation","NC",31.88,0,"1996-09-14 01:28:00",49,16,35681,34,0,6401.01,1419.23,3233.97,,,"24.83%",,
1444243,35000,35000," 36 months","23.63%",1366.36,"3 years","RENT",102000,"Charged Off","debt_consolidation","NY",24.4,0,"1998-08-08 09:49:00",,23,47101,36,0,10925.28,5802.67,5122.61,,,"23.63%",,
1450319,15250,15250," 36 months","18.49%",555.08,"10+ years","RENT",55000,"Charged Off","debt_consolidation","GA",25.88,0,"1996-06-23 01:26:00",,8,22955,16,0,1422.97,84.8,468.14,,,"18.49%",,
1456675,20375,20375," 60 months","21.98%",562.51,"9 years","MORTGAGE",85000,"Charged Off","wedding","HI",17.65,0,"2005-01-10 06:34:00",79,8,4703,22,0,6187.06,2283.77,3903.29,,,"21.98%",,
1457611,8000,8000," 36 months","12.12%",266.18,"6 years","MORTGAGE",100000,"Late (31-120 days)","debt_consolidation","TX",15.88,0,"2002-01-27 11:43:00",63,12,14624,26,4803.09,4267.69,3196.91,1055.79,,,"12.12%",,
1466502,12000,12000," 36 months","15.80%",420.71,"7 years","RENT",42000,"Late (31-120 days)","debt_consolidation","CA",30.09,0,"2002-04-02 02:44:00",44,8,5700,25,7996.57,5880.42,4003.42,1877,,,"15.80%",,
1467693,10000,10000," 36 months","7.62%",311.62,"10+ years","MORTGAGE",75000,"Late (31-120 days)","credit_card","MN",14.35,0,"1987-03-23 06:38:00",,10,24164,18,6385.05,4355.68,3614.95,740.73,,,"7.62%",,
1473282,10000,10000," 36 months","12.12%",332.72,"< 1 year","OWN",50000,"Default","debt_consolidation","TX",17.39,0,"2004-11-23 10:12:00",,8,5174,11,6800.37,4322.37,3199.63,1122.74,,,"12.12%",,
1476846,16450,16450," 60 months","19.72%",433.27,"4 years","RENT",42000,"Charged Off","debt_consolidation","CA",25.54,0,"1998-03-30 10:09:00",,12,15412,32,0,2591.16,1015.39,1575.77,,,"19.72%",,
1485171,21200,21200," 60 months","22.95%",597.03,"1 year","RENT",54000,"Late (16-30 days)","debt_consolidation","OH",31.67,0,"1995-10-15 02:06:00",71,9,30460,38,17657.29,9541.6,3542.71,5998.89,,,"22.95%",,
1487501,2375,2375," 36 months","13.11%",80.15,"n/a","OWN",8400,"Charged Off","moving","CO",2.86,0,"2007-04-23 09:50:00",,2,487,5,0,535.28,275.64,124.02,,,"13.11%",,
1488646,10400,10400," 36 months","18.49%",378.55,"1 year","OWN",132000,"Charged Off","debt_consolidation","TX",19.95,0,"1997-09-06 08:05:00",42,20,13750,57,0,1687.76,661.19,467.86,,,"18.49%",,
1489496,24125,24125," 60 months","21.00%",652.67,"3 years","MORTGAGE",62000,"Charged Off","home_improvement","CA",10.22,0,"2004-11-30 09:07:00",,9,20231,10,0,5915.17,1438.14,3125.49,,,"21.00%",,
1496712,4200,4200," 36 months","15.31%",146.24,"< 1 year","OWN",15580,"In Grace Period","major_purchase","AL",16.1,0,"2007-02-20 01:16:00",,5,4122,7,2454.08,2485.06,1745.92,739.14,,,"15.31%",,
1502384,18000,18000," 36 months","14.33%",618.09,"2 years","RENT",70000,"Charged Off","credit_card","NY",13.71,0,"2003-11-11 07:03:00",,16,16117,20,0,7416.53,5126.2,2243.72,,,"14.33%",,
1502741,4000,4000," 36 months","17.27%",143.15,"5 years","MORTGAGE",48000,"Charged Off","credit_card","IL",21.48,1,"1999-09-03 04:53:00",13,10,9425,23,0,1426.4,910.19,516.21,,,"17.27%",,
1503942,16950,16950," 60 months","17.27%",423.72,"10+ years","MORTGAGE",43000,"Charged Off","debt_consolidation","OK",26.62,0,"2000-04-01 04:23:00",,7,12588,18,0,5503.16,2547.61,2955.55,,,"17.27%",,
1504852,14000,14000," 36 months","12.12%",465.81,"< 1 year","RENT",40000,"Charged Off","credit_card","NY",4.71,0,"2007-08-26 02:46:00",,8,6635,12,0,4656.6,3394.49,1262.11,,,"12.12%",,
1512222,12850,12850," 36 months","15.31%",447.41,"6 years","RENT",41000,"Charged Off","debt_consolidation","CT",16.46,0,"1993-12-10 06:27:00",,8,18278,15,0,3800.42,2366.72,1366.97,,,"15.31%",,
1514364,15875,15875," 36 months","17.77%",572.09,"5 years","RENT",40000,"Charged Off","debt_consolidation","CA",16.68,2,"2004-10-12 09:56:00",8,15,10546,20,0,6319.1,4025.32,2293.78,,,"17.77%",,
1515836,4000,4000," 36 months","14.09%",136.89,"6 years","RENT",34000,"Charged Off","other","CA",33.56,0,"1997-05-23 09:18:00",,9,6495,14,0,361.09,89.71,46.85,,,"14.09%",,
1517434,10000,10000," 36 months","18.49%",363.99,"1 year","RENT",40000,"In Grace Period","wedding","HI",4.93,2,"2003-11-19 11:02:00",9,7,5823,22,5663.02,6594.9,4336.98,2257.92,,,"18.49%",,
1523385,10625,10625," 36 months","12.12%",353.52,"10+ years","MORTGAGE",31820,"Charged Off","debt_consolidation","WA",25.87,0,"1998-12-29 02:15:00",,10,12134,17,0,2473.52,1775.76,697.76,,,"12.12%",,
1530167,12000,12000," 36 months","12.12%",399.26,"6 years","MORTGAGE",36000,"Charged Off","debt_consolidation","CA",10.9,0,"2000-08-13 11:09:00",,5,19765,6,0,3991.9,2909.93,1081.97,,,"12.12%",,
1530718,14000,14000," 36 months","19.05%",513.54,"4 years","RENT",44000,"Charged Off","debt_consolidation","CO",25.98,0,"2006-06-13 08:02:00",,11,16155,19,0,1797.13,586.76,439.54,,,"19.05%",,
1544685,15600,15600," 36 months","13.11%",526.46,"6 years","RENT",40000,"Charged Off","debt_consolidation","WA",20.34,0,"2005-08-24 03:26:00",,9,6415,14,0,3433.09,1665.03,967.06,,,"13.11%",,
1546367,7200,7200," 36 months","13.11%",242.98,"5 years","MORTGAGE",35000,"Charged Off","debt_consolidation","UT",16.39,0,"2001-02-17 08:47:00",,6,18770,14,0,2669.26,1907.05,762.21,,,"13.11%",,
1550241,15000,15000," 36 months","18.49%",545.99,"10+ years","RENT",48258,"Late (16-30 days)","debt_consolidation","LA",23.3,0,"1998-12-01 03:38:00",54,11,5631,25,9359.45,8734.86,5640.54,3094.32,,,"18.49%",,
784712,16500,16500," 60 months","7.90%",333.78,"2 years","MORTGAGE",42000,"Late (31-120 days)","small_business","NY",10.43,0,"1993-07-16 08:41:00",,9,2229,17,12966.64,5000.85,3533.36,1467.49,,,"7.90%",,
1063649,17500,16800," 60 months","22.74%",471.1,"6 years","MORTGAGE",95000,"Charged Off","debt_consolidation","WA",24.78,0,"2002-01-30 07:50:00",,12,23722,23,0,4704.9,1662.3,3042.6,,,"22.74%",,
1076701,25500,25500," 60 months","13.49%",586.62,"10+ years","MORTGAGE",51000,"Late (16-30 days)","small_business","FL",8.92,0,"2001-02-18 07:06:00",,18,6295,31,17391.62,14076.23,8108.38,5967.85,,,"13.49%",,
1078753,18000,18000," 60 months","19.42%",471.1,"10+ years","MORTGAGE",46460,"Charged Off","other","NC",12.91,0,"1998-03-06 08:08:00",24,7,7804,30,0,8008.04,3479.21,4513.34,,,"19.42%",,
1081415,12600,12600," 60 months","12.42%",282.97,"n/a","MORTGAGE",25200,"Charged Off","major_purchase","AZ",0.71,0,"1992-07-09 05:53:00",,7,83,15,0,3690.81,2107.87,1567.95,,,"12.42%",,
1083892,35000,35000," 60 months","12.69%",790.82,"6 years","MORTGAGE",68000,"Charged Off","other","DE",8.58,0,"1985-10-16 10:52:00",,16,7504,36,0,11859.91,6779.62,5080.29,,,"12.69%",,
1085272,28000,28000," 36 months","7.90%",876.13,"3 years","MORTGAGE",180000,"Late (31-120 days)","home_improvement","CT",7.6,0,"1995-05-08 07:05:00",81,13,202,23,13187.95,17772.32,14812.05,2960.27,,,"7.90%",,
1090787,4500,4500," 36 months","16.29%",158.86,"6 years","RENT",55000,"Charged Off","debt_consolidation","CA",15.19,0,"2000-12-01 01:01:00",28,4,5152,25,0,3016.44,2101.76,914.68,,,"16.29%",,
1098911,6625,6625," 36 months","11.71%",219.13,"< 1 year","RENT",25000,"Charged Off","debt_consolidation","NC",21.74,0,"1995-10-05 08:45:00",29,9,7626,22,0,3725.23,2639.1,842.74,,,"11.71%",,
1099657,16000,16000," 60 months","19.91%",423.11,"10+ years","MORTGAGE",88000,"Late (31-120 days)","debt_consolidation","IL",23.09,0,"2000-03-13 08:26:00",,15,21273,34,11634.6,9718.65,4365.4,5353.25,,,"19.91%",,
1106874,20000,20000," 36 months","11.71%",661.52,"2 years","RENT",45000,"In Grace Period","debt_consolidation","CA",15.92,0,"2002-02-03 06:38:00",,9,23736,12,7145.65,16120.06,12854.35,3265.71,,,"11.71%",,
1108424,13800,13800," 60 months","16.77%",341.27,"10+ years","RENT",42000,"Late (31-120 days)","credit_card","OH",20.47,0,"2005-09-17 12:11:00",,6,8846,10,10414.67,7024.66,3385.33,3639.33,,,"16.77%",,
1109782,18000,18000," 60 months","17.58%",452.98,"5 years","RENT",72000,"Late (31-120 days)","debt_consolidation","CT",17.72,0,"1992-11-19 08:27:00",,12,29513,38,13396.14,9489.69,4603.87,4885.82,,,"17.58%",,
1111836,6400,6400," 36 months","7.51%",199.11,"4 years","RENT",54000,"Charged Off","debt_consolidation","CA",9.44,0,"2001-08-12 12:33:00",,6,18529,18,0,1587.28,1296.1,291.18,,,"7.51%",,
1120853,2400,2400," 36 months","9.91%",77.34,"4 years","OWN",62000,"Late (31-120 days)","debt_consolidation","FL",15.66,0,"1998-08-05 06:01:00",75,7,4704,19,1213.9,1557.61,1186.1,356.58,,,"9.91%",,
1132995,5000,5000," 36 months","13.49%",169.66,"< 1 year","RENT",80000,"Charged Off","debt_consolidation","FL",9.66,0,"2005-08-06 07:34:00",,4,4070,14,0,1914.72,1186.56,499.94,,,"13.49%",,
1141122,8000,8000," 36 months","15.96%",281.1,"3 years","RENT",42000,"Charged Off","credit_card","NY",6.91,0,"1995-01-06 02:22:00",40,10,8311,31,0,6329.18,4958.62,1370.56,,,"15.96%",,
1147615,10000,10000," 36 months","12.12%",332.72,"10+ years","MORTGAGE",41252,"Charged Off","credit_card","FL",16.47,0,"1998-10-24 11:02:00",,7,19756,25,0,1661.5,1180.75,480.75,,,"12.12%",,
1149277,16000,16000," 36 months","10.74%",521.86,"< 1 year","RENT",65000,"Charged Off","debt_consolidation","NY",23.82,0,"1997-09-28 11:12:00",,16,31372,31,0,4689.09,3526.77,1162.32,,,"10.74%",,
1149852,10200,10200," 36 months","13.67%",346.98,"8 years","MORTGAGE",90000,"Charged Off","credit_card","CA",9.33,0,"1996-10-05 12:39:00",74,9,5380,27,0,2917.75,1671.09,756.79,,,"13.67%",,
1150404,13000,13000," 36 months","7.90%",406.78,"4 years","RENT",45000,"Charged Off","small_business","CA",2.14,0,"2001-06-10 02:05:00",26,6,3182,13,0,2299.06,1296.99,329.45,,,"7.90%",,
1154764,8400,8400," 36 months","17.27%",300.62,"8 years","RENT",48000,"Charged Off","debt_consolidation","CA",16.16,1,"2001-07-13 09:06:00",14,10,3348,27,0,3666.79,2116.32,1180.26,,,"17.27%",,
1165617,15000,15000," 36 months","13.11%",506.21,"< 1 year","MORTGAGE",35000,"Charged Off","debt_consolidation","FL",14.26,0,"1999-01-06 02:56:00",,5,13451,7,0,2527.55,1747.07,780.48,,,"13.11%",,
1169590,16950,16950," 60 months","20.99%",458.46,"< 1 year","RENT",34000,"Charged Off","debt_consolidation","NY",20.54,0,"2004-12-14 06:38:00",,5,31598,9,0,4561.78,1372.36,2280.36,,,"20.99%",,
1175170,25000,25000," 60 months","20.50%",669.33,"10+ years","RENT",59000,"Late (31-120 days)","credit_card","NY",17.27,0,"1989-11-30 07:20:00",41,16,13983,28,18978.27,14053.92,6021.73,8032.19,,,"20.50%",,
1179151,20000,20000," 36 months","13.11%",674.94,"< 1 year","RENT",75000,"Late (16-30 days)","credit_card","VA",13.86,0,"2002-06-27 03:45:00",,11,13338,23,8207.07,15466.01,11792.93,3673.08,,,"13.11%",,
1181046,16000,16000," 36 months","10.74%",521.86,"10+ years","RENT",50000,"Charged Off","debt_consolidation","CA",13.3,0,"1994-08-09 04:52:00",,5,9886,11,0,8348.92,6444.89,1868.51,,,"10.74%",,
1183008,20000,20000," 60 months","13.99%",465.27,"5 years","MORTGAGE",55000,"Charged Off","small_business","MN",9.05,0,"2005-07-14 07:29:00",39,10,3116,22,0,7452.1,3502.87,3002.23,,,"13.99%",,
1194750,30000,30000," 60 months","21.97%",828.06,"9 years","RENT",140000,"In Grace Period","other","VA",8.97,0,"1999-05-23 04:26:00",56,11,22485,39,22447.36,18290.54,7552.64,10737.9,,,"21.97%",,
1201556,7600,7600," 60 months","16.29%",186,"< 1 year","MORTGAGE",90000,"In Grace Period","debt_consolidation","MD",0.25,2,"1997-11-04 10:51:00",4,2,381,10,5495.96,4086.06,2104.04,1982.02,,,"16.29%",,
1221154,22800,22800," 60 months","19.99%",603.94,"2 years","MORTGAGE",80000,"Late (31-120 days)","home_improvement","CA",17.81,0,"2000-12-31 05:46:00",,13,27969,19,18138.28,11472.93,4661.71,6811.22,,,"19.99%",,
1225586,4000,4000," 36 months","9.76%",128.62,"4 years","RENT",58000,"Charged Off","wedding","CT",19.16,0,"1998-12-14 11:52:00",,14,29687,28,0,844.4,487.89,154.66,,,"9.76%",,
1239924,8475,8475," 36 months","12.12%",281.98,"8 years","MORTGAGE",30000,"Charged Off","debt_consolidation","MI",20.64,0,"1997-01-06 03:43:00",,11,6057,15,0,4564.06,3284.61,1279.45,,,"12.12%",,
1552678,4800,4800," 36 months","14.33%",164.83,"10+ years","RENT",33000,"Charged Off","debt_consolidation","NY",23.89,0,"1985-08-12 04:29:00",34,16,14465,49,0,1809.5,1253.3,556.2,,,"14.33%",,
1560704,11500,11500," 36 months","12.12%",382.63,"2 years","RENT",33000,"Charged Off","debt_consolidation","MD",5.27,0,"2001-04-25 07:25:00",,3,9081,12,0,1147.5,807.27,340.23,,,"12.12%",,
1562324,15075,15075," 36 months","19.05%",552.98,"5 years","RENT",39000,"Charged Off","debt_consolidation","NJ",33.54,0,"2006-11-25 01:44:00",,13,19327,19,0,6495.79,3974.11,2521.68,,,"19.05%",,
1571055,5000,5000," 36 months","15.31%",174.09,"10+ years","RENT",25000,"Late (31-120 days)","debt_consolidation","FL",18.1,0,"2001-06-26 06:01:00",,8,11967,9,2586,3168.83,2413.99,754.84,,,"15.31%",,
1578875,22000,22000," 60 months","19.72%",579.45,"10+ years","RENT",100000,"Late (31-120 days)","debt_consolidation","FL",15.7,1,"1997-08-20 04:17:00",10,21,12170,34,19466.78,7149.41,2533.22,4616.19,,,"19.72%",,
1587104,5825,5825," 36 months","14.09%",199.34,"6 years","MORTGAGE",20000,"Late (31-120 days)","credit_card","FL",15.06,0,"1999-12-11 06:22:00",,8,10414,15,3852.72,2779.98,1972.28,807.7,,,"14.09%",,
1596779,13650,13650," 36 months","11.14%",447.79,"8 years","OWN",52000,"Late (31-120 days)","debt_consolidation","TX",33.65,0,"1976-03-24 07:29:00",,18,24479,52,8873.63,6268.78,4776.37,1492.41,,,"11.14%",,
1600887,15875,15875," 36 months","14.09%",543.27,"1 year","MORTGAGE",50000,"Late (31-120 days)","home_improvement","NY",20.54,0,"2000-06-14 12:02:00",,11,5517,24,10902.87,7050.42,4972.13,2078.29,,,"14.09%",,
1602901,21725,21725," 36 months","14.09%",743.46,"2 years","MORTGAGE",72100,"Charged Off","credit_card","UT",22.1,0,"1998-07-26 09:52:00",34,8,14536,34,0,4452.24,3011.84,1440.4,,,"14.09%",,
1606719,10000,10000," 36 months","14.09%",342.22,"9 years","RENT",35000,"Charged Off","debt_consolidation","MN",10.63,0,"2006-11-12 12:46:00",,8,9324,9,0,3073.95,2116.75,957.2,,,"14.09%",,
1609624,33600,33600," 60 months","23.83%",963.3,"10+ years","RENT",92000,"Charged Off","debt_consolidation","UT",19.11,5,"1998-04-29 02:47:00",2,18,12337,52,0,4812.2,1538.9,3273.3,,,"23.83%",,
1616403,8875,8875," 36 months","13.11%",299.51,"2 years","RENT",26000,"Charged Off","credit_card","GA",21.46,0,"2007-08-14 03:03:00",,9,9759,9,0,1496.15,1034.16,461.99,,,"13.11%",,
1617454,3550,3550," 36 months","16.29%",125.32,"3 years","RENT",33000,"Charged Off","debt_consolidation","KS",28.95,0,"1979-08-10 05:51:00",80,16,13936,27,0,625.6,395.62,229.98,,,"16.29%",,
1677660,17600,17600," 60 months","12.12%",392.58,"3 years","MORTGAGE",50000,"Charged Off","debt_consolidation","CT",29.57,0,"2000-01-01 12:01:00",,10,16835,38,0,3281.53,1317.36,1030.02,,,"12.12%",,
1684701,22750,22750," 60 months","18.49%",583.79,"10+ years","MORTGAGE",54000,"Late (31-120 days)","debt_consolidation","OH",33.18,0,"2006-02-26 04:52:00",54,9,11485,14,19173.88,8186.75,3576.12,4595.64,,,"18.49%",,
1689298,12000,12000," 36 months","18.49%",436.79,"4 years","MORTGAGE",115000,"Charged Off","debt_consolidation","MA",19.9,0,"1996-04-23 10:11:00",64,9,38706,19,0,3493.13,2118.93,1361.79,,,"18.49%",,
1691702,20000,20000," 60 months","14.33%",468.8,"2 years","RENT",57000,"Default","debt_consolidation","IL",28.82,0,"2003-07-19 09:09:00",,14,11951,26,17314.19,5156.03,2685.81,2470.22,,,"14.33%",,
1692216,7000,7000," 36 months","18.49%",254.8,"5 years","RENT",26000,"Late (31-120 days)","debt_consolidation","GA",12.88,0,"2006-02-04 09:29:00",74,4,4332,7,5079.32,3057.6,1920.68,1136.92,,,"18.49%",,
1694489,7000,7000," 36 months","16.29%",247.11,"5 years","OWN",44000,"In Grace Period","debt_consolidation","NY",18.49,0,"2007-01-01 07:32:00",,7,8384,9,4492.12,3701.55,2507.88,1193.67,,,"16.29%",,
1704669,21725,21725," 60 months","19.05%",564.16,"10+ years","OWN",49000,"Charged Off","debt_consolidation","CA",27.31,0,"2000-04-07 11:36:00",,9,5758,22,0,5641.28,2345.11,3296.17,,,"19.05%",,
1854813,19200,19200," 36 months","12.12%",638.82,"8 years","OWN",43000,"Late (31-120 days)","credit_card","TX",29.58,0,"1999-04-19 09:11:00",61,11,29797,26,12547.8,8940.4,6652.2,2288.2,,,"12.12%",,
1914718,1750,1750," 36 months","18.49%",63.7,"5 years","RENT",30000,"Charged Off","debt_consolidation","CA",17.48,0,"2001-08-09 01:38:00",,4,1935,7,0,408.12,189.43,129.07,,,"18.49%",,
1955329,5250,5250," 36 months","13.11%",177.18,"1 year","RENT",20000,"Charged Off","credit_card","FL",30.12,0,"2002-11-08 07:47:00",,18,13256,42,0,1414.64,994.09,420.55,,,"13.11%",,
2079768,3250,3250," 36 months","14.33%",111.6,"1 year","RENT",21000,"Charged Off","debt_consolidation","GA",33.54,0,"2001-10-15 10:05:00",63,7,4959,10,0,613.08,294.66,149.1,,,"14.33%",,
2082459,13000,13000," 36 months","14.33%",446.4,"10+ years","RENT",100000,"Late (31-120 days)","credit_card","CA",13.42,0,"1999-06-30 05:17:00",36,10,12077,23,9268.74,5354.64,3731.26,1623.38,,,"14.33%",,
2085677,5000,5000," 36 months","7.62%",155.81,"5 years","MORTGAGE",75000,"Late (31-120 days)","home_improvement","CA",18.67,0,"1994-03-23 04:06:00",,13,36517,33,3593.35,1711.27,1406.65,304.62,,,"7.62%",,
2087490,8000,8000," 36 months","14.33%",274.71,"8 years","RENT",43094,"Charged Off","credit_card","NJ",16.99,0,"2002-06-10 03:18:00",67,13,10959,29,0,2737.2,1884.37,852.83,,,"14.33%",,
2225974,20000,20000," 60 months","22.95%",563.24,"5 years","RENT",61000,"Late (31-120 days)","debt_consolidation","NY",15.64,0,"1999-09-03 12:18:00",,18,15654,21,17818.57,6172.54,2181.43,3991.11,,,"22.95%",,
2297585,7550,7550," 36 months","7.90%",236.25,"10+ years","MORTGAGE",48000,"Charged Off","credit_card","NY",6.43,0,"1995-07-08 03:23:00",49,7,26457,10,0,1889.28,1526.63,362.65,,,"7.90%",,
2369962,3600,3600," 36 months","22.47%",138.37,"2 years","MORTGAGE",58000,"Charged Off","other","WA",27.41,1,"2004-09-23 08:20:00",15,15,7602,40,0,1105.5,603.91,501.59,,,"22.47%",,
2373345,12000,12000," 36 months","17.77%",432.45,"< 1 year","RENT",54901,"Late (31-120 days)","debt_consolidation","CA",22.32,0,"2000-07-18 04:16:00",81,13,8048,23,8982.93,4753.54,3017.07,1736.47,,,"17.77%",,
2376463,1000,1000," 36 months","18.75%",36.53,"10+ years","RENT",68016,"Charged Off","other","CO",26.91,0,"2002-01-03 12:40:00",,12,30323,34,0,255.01,152.96,102.05,,,"18.75%",,
2377795,35000,35000," 36 months","11.14%",1148.18,"10+ years","MORTGAGE",180000,"Charged Off","major_purchase","CA",13.28,0,"1995-12-07 02:02:00",43,13,21207,29,0,1148.15,823.24,324.91,,,"11.14%",,
1246576,7000,7000," 36 months","9.76%",225.09,"7 years","MORTGAGE",76000,"Default","debt_consolidation","AR",20.62,0,"1998-09-25 01:27:00",,12,27110,29,3955.01,3817.18,3044.99,772.19,,,"9.76%",,
1252030,13750,13750," 36 months","12.12%",457.49,"2 years","RENT",28700,"Charged Off","medical","WY",23.48,0,"2000-11-17 07:43:00",,11,11465,26,0,7235.94,5307.87,1928.07,,,"12.12%",,
1259996,24000,24000," 60 months","13.67%",554.35,"< 1 year","MORTGAGE",58000,"Late (31-120 days)","debt_consolidation","AR",18.31,0,"1992-07-07 02:11:00",,9,19430,35,18779.5,9423.45,5220.5,4202.95,,,"13.67%",,
1266396,5000,5000," 36 months","16.29%",176.51,"4 years","RENT",65000,"Charged Off","debt_consolidation","OR",12.18,0,"1998-04-09 07:10:00",45,7,2374,22,0,796.76,329.75,198.82,,,"16.29%",,
1283099,10000,10000," 36 months","16.29%",353.01,"3 years","OWN",75000,"Charged Off","wedding","CT",19.01,0,"2001-05-05 02:41:00",53,9,7798,17,0,4939.48,3323.37,1616.11,,,"16.29%",,
1291972,20000,20000," 60 months","18.55%",513.88,"10+ years","MORTGAGE",85000,"Charged Off","debt_consolidation","NC",17.04,0,"2002-09-01 04:04:00",,9,6020,16,0,6670.69,2918.39,3752.3,,,"18.55%",,
1296555,16800,16800," 60 months","20.50%",449.79,"5 years","MORTGAGE",55000,"Charged Off","home_improvement","NY",10.71,1,"1989-03-16 06:47:00",6,6,3772,7,0,4785.4,1199.22,2689.26,,,"20.50%",,
1306207,20000,20000," 36 months","19.22%",735.35,"1 year","MORTGAGE",130000,"In Grace Period","debt_consolidation","CA",8.57,2,"1984-04-15 05:17:00",8,5,20525,23,10595.93,14441.07,9404.07,5037,,,"19.22%",,
1318335,16000,16000," 60 months","21.48%",437.19,"10+ years","MORTGAGE",110000,"Charged Off","debt_consolidation","OH",19.32,2,"1990-08-18 08:25:00",10,21,26198,45,0,6544.2,2563.13,3981.07,,,"21.48%",,
1332069,10000,10000," 36 months","15.31%",348.18,"6 years","MORTGAGE",55000,"Charged Off","debt_consolidation","FL",24,0,"2002-07-28 07:35:00",,13,14631,23,0,3603.19,2088.95,1043.5,,,"15.31%",,
1335345,19475,19475," 36 months","12.12%",647.97,"8 years","RENT",100000,"Charged Off","debt_consolidation","WA",20.76,0,"2003-03-24 11:43:00",,12,13068,32,0,7124.81,5220.34,1904.47,,,"12.12%",,
1337146,25000,25000," 60 months","23.33%",709.51,"5 years","RENT",50000,"Late (31-120 days)","credit_card","WA",27.94,0,"1985-02-26 06:43:00",,13,22397,19,20560.09,12060.68,4439.91,7620.77,,,"23.33%",,
1337469,5600,5600," 36 months","7.90%",175.23,"5 years","RENT",23000,"Charged Off","debt_consolidation","FL",16.54,0,"1999-09-11 09:25:00",,8,3373,10,0,2101.2,1720.54,380.66,,,"7.90%",,
1340934,3625,3625," 36 months","14.65%",125.05,"4 years","RENT",24000,"Charged Off","credit_card","FL",24.35,0,"2007-10-30 04:20:00",,10,6719,11,0,1287.5,762.29,361.09,,,"14.65%",,
1344527,12375,12375," 36 months","16.29%",436.85,"< 1 year","OWN",34000,"Charged Off","debt_consolidation","PA",34.84,0,"1997-03-27 06:11:00",77,22,13639,36,0,6550.2,4437.88,2112.32,,,"16.29%",,
1367216,21000,13650," 60 months","21.48%",372.98,"10+ years","MORTGAGE",85000,"Charged Off","other","NY",20.54,2,"1994-09-18 10:03:00",20,15,15623,40,0,5214.44,2023.52,3190.92,,,"21.48%",,
1372529,2350,2350," 36 months","15.81%",82.4,"1 year","RENT",30000,"Charged Off","other","CA",29.48,0,"2007-09-13 02:33:00",,11,3209,11,0,984.74,660.55,324.19,,,"15.81%",,
1383541,16000,16000," 36 months","19.05%",586.91,"10+ years","MORTGAGE",80000,"Charged Off","debt_consolidation","OH",20.04,4,"1994-12-25 08:54:00",18,8,707,33,0,4884.72,2442.75,1662.96,,,"19.05%",,
1384379,15000,15000," 60 months","12.12%",334.58,"4 years","MORTGAGE",35000,"In Grace Period","home_improvement","MN",11.52,1,"1995-10-21 05:05:00",21,10,3732,33,11195.21,6342.39,3804.79,2537.6,,,"12.12%",,
1386207,21000,21000," 60 months","18.75%",541.87,"2 years","OWN",95000,"Late (31-120 days)","credit_card","NY",18.87,0,"1997-09-12 10:18:00",,10,58404,25,17156.45,8661.77,3843.55,4818.22,,,"18.75%",,
1392566,15000,15000," 36 months","18.75%",547.95,"8 years","RENT",40000,"Charged Off","debt_consolidation","CO",14.55,2,"1990-06-23 07:44:00",16,6,8988,30,0,7118.28,4478.23,2640.05,,,"18.75%",,
1394445,14300,14300," 36 months","8.90%",454.08,"4 years","MORTGAGE",62000,"Charged Off","small_business","AL",9.21,0,"2006-01-31 02:41:00",,13,6472,18,0,4988.61,3968.42,1020.19,,,"8.90%",,
1396678,25450,25450," 60 months","18.75%",656.7,"10+ years","MORTGAGE",71000,"Late (31-120 days)","debt_consolidation","LA",27.5,0,"1990-03-27 04:50:00",,15,20700,30,20460.15,11141.97,4989.85,6152.12,,,"18.75%",,
1397054,4225,4225," 36 months","13.11%",142.59,"n/a","OWN",24000,"Charged Off","debt_consolidation","TX",8.55,0,"2001-09-20 01:29:00",,11,5355,19,0,1564.75,1117.96,446.79,,,"13.11%",,
1405806,15000,15000," 36 months","14.33%",515.08,"10+ years","MORTGAGE",75000,"Charged Off","debt_consolidation","AZ",18.58,1,"1976-10-12 07:58:00",11,10,64919,38,0,4631.31,3143.38,1462.21,,,"14.33%",,
1410778,14125,14125," 36 months","13.11%",476.68,"10+ years","MORTGAGE",47400,"Charged Off","debt_consolidation","LA",24.73,2,"1986-05-26 09:44:00",13,14,22210,36,0,5710.44,4102.51,1607.93,,,"13.11%",,
1411607,18000,18000," 60 months","22.47%",501.97,"5 years","MORTGAGE",60000,"Late (31-120 days)","debt_consolidation","CA",12.64,0,"2002-07-02 11:33:00",31,9,13775,24,15402.24,7025.99,2597.76,4428.23,,,"22.47%",,
1412621,4000,4000," 36 months","14.33%",137.36,"8 years","MORTGAGE",32000,"Charged Off","debt_consolidation","CA",23.13,0,"1997-10-26 04:38:00",,24,14941,31,0,1017.07,550.84,268.82,,,"14.33%",,
1416439,16800,16800," 60 months","23.28%",476.31,"10+ years","RENT",56000,"Charged Off","debt_consolidation","PA",7.52,0,"1994-09-14 08:23:00",55,5,71,28,0,3809.22,1280.46,2507.54,,,"23.28%",,
1421421,5500,5500," 36 months","16.29%",194.16,"< 1 year","MORTGAGE",39002,"Charged Off","debt_consolidation","GA",7.26,5,"2005-03-22 12:44:00",14,6,424,39,0,1744.11,1131.82,612.29,,,"16.29%",,
1431902,9450,9450," 36 months","11.14%",310.01,"1 year","OWN",28000,"Late (31-120 days)","credit_card","MO",32.06,0,"1992-06-03 01:36:00",,9,10656,17,5377.76,5269.32,4072.24,1197.08,,,"11.14%",,
1446043,6500,6500," 36 months","7.90%",203.39,"2 years","RENT",35500,"Charged Off","debt_consolidation","AZ",33.26,0,"1990-05-23 12:58:00",,9,24226,19,0,2236.19,1825,411.19,,,"7.90%",,
1447742,4800,4800," 36 months","13.11%",161.99,"7 years","RENT",33758,"Charged Off","debt_consolidation","CA",24.71,0,"1999-09-04 12:14:00",,5,11774,11,0,1362.8,791.37,341.02,,,"13.11%",,
2445684,8400,8400," 36 months","13.11%",283.48,"5 years","RENT",58000,"Charged Off","debt_consolidation","TX",26.15,0,"2004-02-29 06:30:00",,8,20696,16,0,1981.35,1384.66,596.69,,,"13.11%",,
2476189,9000,9000," 36 months","19.05%",330.14,"4 years","MORTGAGE",39000,"Charged Off","debt_consolidation","CA",29.17,0,"2006-04-21 12:43:00",,9,8019,16,0,2970.58,1789.34,1170.13,,,"19.05%",,
2477662,16000,16000," 60 months","17.27%",399.97,"1 year","MORTGAGE",80000,"Charged Off","house","CA",18.79,0,"1999-01-29 07:03:00",38,14,10653,23,0,2477.69,692.74,905.14,,,"17.27%",,
2485618,8500,8500," 36 months","18.49%",309.39,"2 years","RENT",25500,"Charged Off","credit_card","WI",17.69,0,"2008-02-09 06:36:00",,5,8140,12,0,1379.69,540.54,382.5,,,"18.49%",,
2574567,35000,35000," 36 months","12.12%",1164.51,"3 years","MORTGAGE",320000,"Late (31-120 days)","debt_consolidation","MA",7.8,0,"1998-01-06 02:14:00",29,12,42085,28,24708.64,13974.12,10291.36,3682.76,,,"12.12%",,
2935172,30000,30000," 36 months","21.98%",1145.41,"9 years","MORTGAGE",100000,"Charged Off","small_business","SD",22.83,0,"1998-02-19 05:51:00",,22,22466,50,0,10296.27,5766.44,4529.83,,,"21.98%",,
2944582,20000,20000," 36 months","17.77%",720.75,"3 years","RENT",60000,"Charged Off","debt_consolidation","MD",7.14,0,"2006-10-05 06:32:00",42,5,5315,10,0,4323.42,2643.03,1680.39,,,"17.77%",,
3057752,35000,35000," 60 months","21.98%",966.27,"10+ years","RENT",85000,"Charged Off","debt_consolidation","MA",16.88,0,"1994-01-19 08:39:00",,9,17059,28,0,5797.38,1992.5,3756.57,,,"21.98%",,
3066975,20000,20000," 36 months","11.14%",656.11,"6 years","MORTGAGE",65000,"Late (31-120 days)","debt_consolidation","CA",9.18,1,"1995-07-11 12:50:00",13,11,24559,28,14057.96,7872.48,5942.04,1930.44,,,"11.14%",,
3098659,14100,14100," 36 months","15.31%",490.93,"2 years","MORTGAGE",40000,"Late (31-120 days)","credit_card","NV",10.71,0,"2005-10-19 08:50:00",,12,8869,20,10805.24,4908.7,3294.76,1613.94,,,"15.31%",,
3144946,15000,15000," 36 months","18.49%",545.99,"10+ years","MORTGAGE",90652.64,"Charged Off","other","NC",20.37,0,"2003-10-31 09:12:00",,11,19658,34,0,3274.44,1956.68,1307.92,,,"18.49%",,
3145353,33000,33000," 60 months","19.72%",869.17,"10+ years","RENT",125000,"Late (31-120 days)","credit_card","HI",12.8,0,"1994-01-25 06:19:00",41,11,19831,27,6583.13,28683.24,26416.87,2266.37,,,"19.72%",,
3151333,28000,28000," 60 months","17.77%",707.52,"6 years","MORTGAGE",189000,"In Grace Period","debt_consolidation","AZ",11.64,1,"1994-12-12 11:09:00",20,18,91939,34,24528.78,7782.72,3471.22,4311.5,,,"17.77%",,
3157479,2600,2600," 36 months","19.72%",96.26,"8 years","RENT",33000,"Charged Off","other","CA",25.89,0,"2004-06-28 04:36:00",45,6,5816,10,0,428.84,163.24,125.51,,,"19.72%",,
3161123,29700,29700," 36 months","17.27%",1062.89,"10+ years","MORTGAGE",67000,"Late (31-120 days)","debt_consolidation","IN",20.88,0,"2002-09-09 02:33:00",,14,9322,27,22925.54,11227.9,6774.46,4453.44,,,"17.27%",,
3164284,12250,12250," 36 months","18.49%",445.89,"< 1 year","RENT",35000,"Charged Off","debt_consolidation","SC",24.45,0,"1994-06-30 03:32:00",,11,18305,24,0,1562.44,516.45,372.25,,,"18.49%",,
3195341,17600,17600," 60 months","17.77%",444.73,"10+ years","MORTGAGE",50000,"Late (31-120 days)","debt_consolidation","FL",14.73,0,"2000-10-28 06:50:00",,15,25029,37,15844.15,3996.45,1755.85,2240.6,,,"17.77%",,
3197984,28000,28000," 36 months","8.90%",889.09,"5 years","OWN",136500,"Late (31-120 days)","credit_card","NY",19.35,0,"2001-11-16 01:39:00",,19,33652,27,19630.93,10669.09,8369.07,2300.02,,,"8.90%",,
3241409,20000,20000," 36 months","11.14%",656.11,"2 years","RENT",130000,"In Grace Period","debt_consolidation","CA",5.57,0,"2003-10-13 11:39:00",,9,30126,25,14057.33,7873.32,5942.67,1930.65,,,"11.14%",,
3297964,35000,35000," 60 months","17.27%",874.93,"6 years","MORTGAGE",85869,"Default","debt_consolidation","CO",23.49,0,"1996-10-26 10:01:00",,16,39485,27,31876.25,6999.44,3123.75,3875.69,,,"17.27%",,
3298622,12800,12800," 36 months","17.77%",461.28,"2 years","OWN",45000,"Charged Off","debt_consolidation","TX",28.05,0,"2007-06-30 12:58:00",,13,12788,20,0,1845.12,1107.17,737.95,,,"17.77%",,
3357652,12000,12000," 36 months","14.09%",410.66,"1 year","RENT",52000,"Charged Off","debt_consolidation","PA",33.23,0,"1995-11-07 04:36:00",,15,18835,26,0,2052.45,1380.28,672.17,,,"14.09%",,
3360220,25000,25000," 36 months","21.49%",948.18,"2 years","RENT",70000,"Charged Off","debt_consolidation","CA",16.23,0,"2004-01-26 02:51:00",35,11,9537,31,0,2844.54,1528.46,1316.08,,,"21.49%",,
3381258,18000,18000," 60 months","23.63%",513.97,"2 years","RENT",47000,"Charged Off","other","NY",28.85,0,"1995-04-19 11:02:00",67,9,5002,19,0,513.97,159.52,354.45,,,"23.63%",,
3383090,28000,28000," 60 months","22.95%",788.53,"9 years","MORTGAGE",78000,"Late (31-120 days)","debt_consolidation","HI",18.62,2,"1998-03-05 09:23:00",12,9,11478,37,25763.01,7879.38,2236.99,5642.39,,,"22.95%",,
3495442,18000,18000," 60 months","16.29%",440.51,"6 years","MORTGAGE",50000,"In Grace Period","credit_card","KS",16.94,0,"1997-11-09 05:55:00",,13,8327,34,15689.7,4845.5,2310.3,2535.2,,,"16.29%",,
3536577,6875,6875," 36 months","15.80%",241.03,"n/a","MORTGAGE",25000,"In Grace Period","debt_consolidation","CA",16.51,0,"2000-03-04 09:26:00",,8,12793,10,5110.61,2644.4,1764.39,880.01,,,"15.80%",,
3538665,8000,8000," 36 months","19.72%",296.17,"3 years","RENT",25000,"Charged Off","other","PA",24.46,2,"1997-01-20 06:35:00",7,15,14582,23,0,886.74,501.27,385.47,,,"19.72%",,
3635531,2500,2500," 36 months","18.75%",91.33,"2 years","RENT",24000,"Charged Off","debt_consolidation","MO",18.55,0,"2005-10-07 02:28:00",,7,10098,14,0,273.33,158.88,114.45,,,"18.75%",,
3702052,28000,28000," 60 months","17.77%",707.52,"3 years","MORTGAGE",63500,"Charged Off","debt_consolidation","TX",17.68,0,"2002-11-07 01:30:00",,10,30199,30,0,3530.75,1505.53,2025.22,,,"17.77%",,
3729184,12000,12000," 60 months","22.95%",337.95,"10+ years","RENT",36633,"Late (31-120 days)","debt_consolidation","AR",22.91,0,"2003-04-01 05:51:00",,8,19192,13,11072.05,2703.6,927.95,1775.65,,,"22.95%",,
3729614,15550,15550," 36 months","15.80%",545.16,"1 year","RENT",59000,"Late (31-120 days)","debt_consolidation","CA",10.8,0,"1993-09-25 06:45:00",,11,14725,13,12422.33,4804.57,3127.67,1676.9,,,"15.80%",,
3894630,20000,20000," 36 months","12.12%",665.44,"10+ years","OWN",56000,"Late (31-120 days)","credit_card","NY",21.54,0,"1999-05-04 02:45:00",,9,25125,21,15656.5,5988.96,4343.5,1645.46,,,"12.12%",,
1456893,18000,18000," 36 months","16.29%",635.41,"10+ years","RENT",55000,"Charged Off","debt_consolidation","MD",30.7,0,"1996-05-28 04:33:00",,12,10250,45,0,2539,1594.72,944.28,,,"16.29%",,
1465805,14000,14000," 36 months","6.62%",429.86,"10+ years","MORTGAGE",123000,"Late (31-120 days)","debt_consolidation","MI",8.3,0,"1997-12-24 09:20:00",,10,12686,20,7396.45,7696.36,6603.55,1073.24,,,"6.62%",,
1468997,10000,10000," 36 months","15.31%",348.18,"2 years","RENT",55000,"Late (16-30 days)","debt_consolidation","FL",20.25,0,"1983-10-10 05:38:00",25,14,8342,25,5842.62,5917.53,4157.38,1760.15,,,"15.31%",,
1469742,15000,15000," 36 months","15.31%",522.26,"10+ years","MORTGAGE",70000,"Late (31-120 days)","home_improvement","MI",33.98,2,"1988-01-18 10:18:00",15,21,11740,32,9569.34,7831.95,5430.66,2401.29,,,"15.31%",,
1470481,12175,12175," 36 months","7.90%",380.96,"8 years","MORTGAGE",105969,"Charged Off","small_business","NY",6.56,0,"1993-01-21 04:24:00",,22,627,43,0,2152.18,1214.11,308.41,,,"7.90%",,
1472486,6000,6000," 36 months","7.62%",186.97,"10+ years","RENT",55000,"Charged Off","credit_card","NY",15.99,0,"1991-02-02 12:47:00",,8,4661,17,0,2429.74,1995.73,416.68,,,"7.62%",,
1474430,19600,19600," 36 months","7.90%",613.29,"10+ years","OWN",50000,"Charged Off","debt_consolidation","GA",4.34,0,"1991-04-04 10:16:00",,8,2007,35,0,6129.8,4986.05,1143.75,,,"7.90%",,
1477360,4225,4225," 36 months","6.03%",128.6,"4 years","MORTGAGE",31000,"Charged Off","small_business","NY",14.52,0,"2000-06-20 07:24:00",,17,3907,26,0,1542.12,1323.72,218.4,,,"6.03%",,
1478162,5000,5000," 36 months","13.11%",168.74,"4 years","RENT",38000,"Charged Off","debt_consolidation","IL",4.74,0,"1992-12-26 07:33:00",,7,3621,11,0,2018.64,1450.25,568.39,,,"13.11%",,
1483243,17325,17325," 36 months","19.05%",635.51,"10+ years","RENT",45000,"Late (31-120 days)","debt_consolidation","NY",34.05,0,"1995-04-17 07:29:00",45,15,21701,47,10834.77,10199.52,6490.23,3709.29,,,"19.05%",,
1496038,12300,12300," 36 months","14.33%",422.36,"1 year","RENT",38105.6,"Charged Off","debt_consolidation","KS",29.22,0,"2005-07-04 01:54:00",59,10,4287,24,0,3628.76,2309.81,1318.95,,,"14.33%",,
1497581,14000,14000," 60 months","19.72%",368.74,"2 years","RENT",67000,"Charged Off","debt_consolidation","NJ",27.83,0,"1996-08-16 05:34:00",,17,19600,30,0,4053.28,1655.96,2397.32,,,"19.72%",,
1499214,12200,12200," 36 months","14.09%",417.51,"5 years","MORTGAGE",45000,"In Grace Period","debt_consolidation","NC",16.05,0,"2000-11-24 04:12:00",,7,11408,8,7077.58,7091.04,5122.42,1968.62,,,"14.09%",,
1508910,14675,14675," 36 months","21.00%",552.89,"7 years","RENT",37000,"Charged Off","vacation","CA",27.6,0,"2004-12-09 07:06:00",,6,7092,16,0,5527.19,2999.81,2527.38,,,"21.00%",,
1511504,12250,12250," 36 months","16.29%",432.43,"n/a","OWN",35000,"Charged Off","home_improvement","NJ",7.36,0,"1981-10-11 11:19:00",41,11,5740,40,0,4033.38,2227.95,1229.66,,,"16.29%",,
1511939,14400,14400," 36 months","13.11%",485.96,"10+ years","RENT",50000,"Charged Off","debt_consolidation","IL",26.09,0,"1998-07-15 08:48:00",,9,7333,24,0,4090.82,2375.75,1023.8,,,"13.11%",,
1519439,20000,20000," 60 months","19.72%",526.77,"10+ years","OWN",70000,"Charged Off","debt_consolidation","CT",27.84,2,"1993-01-17 12:18:00",9,21,34779,39,0,2693.52,603.49,975.14,,,"19.72%",,
1527162,35000,35000," 60 months","23.83%",1003.43,"10+ years","MORTGAGE",110000,"Default","debt_consolidation","TX",34.08,0,"1999-07-18 01:48:00",,14,41721,50,30482.7,13027.3,4517.3,8510,,,"23.83%",,
1531634,13475,13475," 36 months","12.12%",448.34,"7 years","MORTGAGE",68000,"Charged Off","debt_consolidation","FL",28.27,0,"2002-08-04 11:19:00",,12,7722,24,0,1931.3,626.97,565.77,,,"12.12%",,
1534115,15000,15000," 36 months","13.11%",506.21,"1 year","MORTGAGE",43000,"Charged Off","debt_consolidation","KS",11.64,0,"1998-05-28 07:58:00",32,14,7573,32,0,3777.49,2110.39,926.09,,,"13.11%",,
1535783,5400,5400," 36 months","15.80%",189.32,"2 years","RENT",49000,"Late (31-120 days)","credit_card","HI",18.44,0,"2000-06-16 05:15:00",65,7,12199,18,3183.31,3214.87,2216.69,983.19,,,"15.80%",,
1547570,10050,10050," 36 months","20.49%",376.01,"n/a","RENT",30456,"Charged Off","debt_consolidation","VA",11.11,0,"1977-09-22 05:48:00",,3,4421,7,0,1124.61,621.86,502.75,,,"20.49%",,
1561342,23500,23500," 60 months","14.09%",547.91,"6 years","RENT",70000,"Charged Off","debt_consolidation","NM",26.07,0,"1992-02-12 09:53:00",,14,862,52,0,6014.69,3167.28,2847.41,,,"14.09%",,
1564292,19200,19200," 36 months","12.12%",638.82,"5 years","RENT",85000,"Late (31-120 days)","debt_consolidation","MA",8.19,0,"1990-10-24 09:27:00",,6,21662,11,12845.56,8904.63,6354.44,2550.19,,,"12.12%",,
1570598,8875,8875," 36 months","14.09%",303.72,"2 years","MORTGAGE",70000,"Charged Off","debt_consolidation","CA",6.12,0,"2004-02-11 01:46:00",,9,3697,11,0,3033.6,2101.42,932.18,,,"14.09%",,
1581385,20000,20000," 36 months","7.62%",623.23,"10+ years","OWN",56500,"Charged Off","debt_consolidation","NJ",5.16,0,"1990-01-30 02:37:00",,12,13871,23,0,4120.93,2505.6,601.55,,,"7.62%",,
1592318,6000,6000," 36 months","12.12%",199.63,"10+ years","MORTGAGE",85000,"Charged Off","debt_consolidation","GA",32.54,0,"2000-07-10 08:57:00",,16,24623,25,0,1301.36,708.87,288.63,,,"12.12%",,
1605797,9700,9700," 36 months","12.12%",322.74,"10+ years","MORTGAGE",53300,"Charged Off","debt_consolidation","FL",13.15,0,"2002-07-06 07:59:00",,5,10883,20,0,3224.2,2350.33,873.87,,,"12.12%",,
1615446,16825,16825," 36 months","18.75%",614.62,"8 years","MORTGAGE",89000,"Charged Off","house","FL",12.35,0,"1998-05-02 09:01:00",64,11,13761,18,0,6138.4,3770.4,2368,,,"18.75%",,
1619006,18100,18100," 60 months","23.28%",513.17,"8 years","MORTGAGE",51000,"Charged Off","debt_consolidation","PA",11.48,0,"1991-08-08 08:32:00",63,14,16653,24,0,4102.66,1380.67,2703.73,,,"23.28%",,
1621627,11100,11100," 36 months","12.12%",369.32,"10+ years","RENT",35000,"Charged Off","credit_card","MN",20.78,0,"1999-04-29 09:26:00",,7,9490,17,0,3323.88,2410.65,913.23,,,"12.12%",,
1622103,13150,13150," 36 months","15.31%",457.85,"3 years","MORTGAGE",65000,"Charged Off","debt_consolidation","NV",29.28,0,"2006-04-22 08:22:00",,16,15051,18,0,2078.63,881.25,492.09,,,"15.31%",,
1638243,17625,17625," 36 months","12.12%",586.42,"5 years","RENT",40000,"In Grace Period","credit_card","NY",26.73,0,"2000-10-24 02:43:00",73,13,16900,27,10957.68,8996.3,6667.32,2328.98,,,"12.12%",,
1676670,5000,5000," 36 months","8.90%",158.77,"7 years","MORTGAGE",112000,"Charged Off","vacation","MA",26.65,0,"1984-03-24 02:25:00",34,15,44930,30,0,1898.52,1515.94,382.58,,,"8.90%",,
1677091,2750,2750," 36 months","14.09%",94.11,"3 years","RENT",23000,"Charged Off","debt_consolidation","AZ",33.91,0,"2003-12-12 10:17:00",,6,15333,18,0,428.13,187.01,94.36,,,"14.09%",,
1682795,8000,8000," 36 months","18.49%",291.19,"1 year","MORTGAGE",53000,"In Grace Period","debt_consolidation","TX",21.1,0,"2004-02-14 05:28:00",28,8,7969,12,5199.53,4353.75,2800.47,1553.28,,,"18.49%",,
1683425,3200,3200," 36 months","13.11%",108,"5 years","MORTGAGE",90000,"Charged Off","debt_consolidation","MD",13.27,1,"1999-07-12 07:01:00",7,8,42170,19,0,754.74,527.47,227.27,,,"13.11%",,
1689158,15875,15875," 36 months","18.75%",579.91,"7 years","MORTGAGE",65000,"Charged Off","credit_card","GA",10.34,0,"1988-08-03 07:55:00",47,8,15021,29,0,3498.93,1711.01,1687.96,,,"18.75%",,
1695605,22000,22000," 36 months","12.12%",731.98,"5 years","RENT",50000,"Charged Off","debt_consolidation","NY",31.7,1,"1975-12-16 05:59:00",8,11,14044,25,0,7318.2,5334.68,1983.52,,,"12.12%",,
1704889,11500,11500," 36 months","14.33%",394.89,"10+ years","MORTGAGE",35000,"Charged Off","debt_consolidation","NJ",12,0,"2003-05-23 02:21:00",,10,16451,15,0,3461.65,2218.21,1243.44,,,"14.33%",,
1706058,34800,34800," 60 months","24.70%",1015.32,"10+ years","MORTGAGE",90000,"Charged Off","debt_consolidation","TX",20.87,1,"1994-09-07 04:23:00",12,12,14129,43,0,7106.81,1554.06,5552.75,,,"24.70%",,
1734967,29100,29100," 60 months","19.72%",766.45,"10+ years","MORTGAGE",66000,"Default","debt_consolidation","CA",22.13,0,"2000-10-06 11:35:00",,9,17555,19,25661.63,8416.1,3438.37,4977.73,,,"19.72%",,
1826291,18000,18000," 60 months","23.28%",510.33,"10+ years","RENT",56859,"Late (31-120 days)","credit_card","VA",30.14,0,"2002-08-30 09:29:00",,9,7155,11,15651.82,7229.68,2348.18,4881.5,,,"23.28%",,
1857145,4000,4000," 36 months","13.11%",134.99,"10+ years","RENT",46000,"Charged Off","debt_consolidation","CA",22.25,3,"1999-07-20 11:38:00",10,7,1592,12,0,876.48,465.77,208.08,,,"13.11%",,
2074601,5000,5000," 36 months","16.29%",176.51,"< 1 year","RENT",39500,"Charged Off","debt_consolidation","CO",30.05,0,"1996-07-09 06:21:00",36,11,16147,23,0,176.2,108.44,67.76,,,"16.29%",,
2083415,10000,10000," 36 months","17.77%",360.38,"10+ years","MORTGAGE",59000,"Late (31-120 days)","credit_card","FL",21.07,1,"1993-11-29 01:05:00",11,10,10481,18,7484.75,4039.08,2515.25,1523.83,,,"17.77%",,
2092844,28000,28000," 36 months","21.49%",1061.96,"7 years","RENT",220000,"Charged Off","credit_card","CA",1.4,0,"1985-10-12 05:45:00",36,9,9703,28,0,6369.31,3511.25,2849.41,,,"21.49%",,
2214875,9000,9000," 36 months","19.72%",333.19,"2 years","RENT",38000,"Charged Off","debt_consolidation","FL",15.16,0,"2005-10-29 09:51:00",,13,7564,20,0,2988.99,1775.76,1213.23,,,"19.72%",,
2215178,23850,23850," 60 months","21.00%",645.23,"9 years","MORTGAGE",70000,"Late (31-120 days)","debt_consolidation","LA",28.81,0,"2002-07-18 05:39:00",,19,25968,26,21395.19,6450.58,2454.81,3995.77,,,"21.00%",,
2217528,24000,24000," 60 months","21.00%",649.29,"10+ years","MORTGAGE",79000,"In Grace Period","debt_consolidation","TX",23.04,0,"2001-09-24 08:41:00",33,14,28450,29,20401.35,9081.52,3598.65,5482.87,,,"21.00%",,
2373041,24000,24000," 60 months","17.27%",599.96,"5 years","MORTGAGE",65000,"Late (31-120 days)","debt_consolidation","FL",29.95,0,"1998-09-27 12:53:00",30,11,5254,36,21286.31,5992.4,2713.69,3278.71,,,"17.27%",,
2374925,20000,20000," 60 months","23.28%",567.04,"10+ years","RENT",60000,"Late (31-120 days)","debt_consolidation","FL",16.78,0,"2004-05-21 10:17:00",,7,9908,7,18058.02,5670.28,1941.98,3728.3,,,"23.28%",,
2376716,35000,35000," 60 months","17.27%",874.93,"< 1 year","MORTGAGE",148000,"Late (31-120 days)","debt_consolidation","TX",17.19,0,"2000-05-13 05:30:00",65,21,36041,38,31465.98,9374.37,3534.02,5840.35,,,"17.27%",,
2485996,17500,17500," 60 months","11.14%",381.72,"10+ years","MORTGAGE",90000,"Charged Off","debt_consolidation","TX",22.63,0,"1998-03-04 07:21:00",65,11,42571,35,0,2670.43,1577.29,1093.14,,,"11.14%",,
2595235,16000,16000," 60 months","23.63%",456.86,"10+ years","RENT",45000,"Late (16-30 days)","debt_consolidation","MN",17.25,0,"1998-09-03 03:05:00",32,9,4043,27,13932.54,5919.91,2067.46,3852.45,,,"23.63%",,
2826515,24000,24000," 36 months","14.33%",824.12,"< 1 year","OWN",62000,"Late (31-120 days)","debt_consolidation","KY",25.99,0,"1997-05-15 05:21:00",62,11,10443,25,18771.8,8016.37,5228.2,2788.17,,,"14.33%",,
2828684,9450,9450," 36 months","17.77%",340.56,"10+ years","RENT",28000,"Late (31-120 days)","debt_consolidation","CA",24.73,0,"1998-08-14 04:33:00",,7,9411,11,7074.11,3743.3,2375.89,1367.41,,,"17.77%",,
2837838,30000,30000," 36 months","10.16%",970.28,"< 1 year","MORTGAGE",200000,"In Grace Period","credit_card","MA",15,0,"1994-12-02 09:32:00",,10,22342,25,19689.57,13341.38,10310.43,3030.95,,,"10.16%",,
2865185,24000,24000," 60 months","21.98%",662.59,"5 years","RENT",73000,"Late (31-120 days)","debt_consolidation","DC",21.35,0,"2003-11-16 12:46:00",,5,30413,16,21711.28,6886.98,2288.71,4598.27,,,"21.98%",,
2984623,16000,16000," 60 months","21.00%",432.86,"10+ years","MORTGAGE",111000,"Late (16-30 days)","credit_card","FL",18.97,0,"2001-04-10 11:24:00",46,13,11514,21,13980.79,5188.2,2019.21,3168.99,,,"21.00%",,
3015999,5750,5750," 36 months","13.11%",194.05,"4 years","RENT",20100,"Late (31-120 days)","credit_card","NY",24.24,1,"1997-10-24 09:59:00",6,18,8035,32,4265.15,2204.34,1484.85,704.5,,,"13.11%",,
3054758,14825,14825," 36 months","12.12%",493.26,"10+ years","MORTGAGE",59000,"Charged Off","debt_consolidation","GA",30.37,1,"1997-03-30 08:09:00",19,15,18565,35,0,4435.56,3216.9,1218.66,,,"12.12%",,
3055955,18225,18225," 36 months","19.05%",668.52,"7 years","MORTGAGE",47000,"Charged Off","small_business","OH",16.39,1,"2000-02-14 12:21:00",8,9,23512,14,0,4705.73,2773.37,1898.98,,,"19.05%",,
3097134,18000,18000," 36 months","17.77%",648.67,"8 years","RENT",41000,"Late (31-120 days)","credit_card","CA",27.62,0,"1996-05-08 09:17:00",33,8,39486,20,14350.7,5870.16,3649.3,2220.86,,,"17.77%",,
3106720,28000,28000," 60 months","21.00%",757.5,"5 years","MORTGAGE",88441,"Late (31-120 days)","small_business","NC",5.95,0,"1989-10-19 04:06:00",,7,15064,12,25416.91,6817.5,2583.09,4234.41,,,"21.00%",,
3107441,8000,8000," 36 months","18.75%",292.24,"6 years","RENT",50000,"Late (16-30 days)","small_business","NJ",16.13,0,"2005-02-21 07:34:00",,12,24685,19,5823.03,3513.75,2176.97,1321.8,,,"18.75%",,
3146353,5000,5000," 36 months","10.16%",161.72,"8 years","MORTGAGE",45000,"Late (16-30 days)","debt_consolidation","UT",12.88,0,"2002-11-11 05:55:00",,10,15492,19,3633.44,1774.08,1366.56,407.52,,,"10.16%",,
3154520,17050,17050," 60 months","20.49%",456.39,"6 years","MORTGAGE",38000,"Charged Off","debt_consolidation","AL",26.11,0,"2003-12-04 04:05:00",,10,11907,26,0,1825.56,678.17,1147.39,,,"20.49%",,
3156897,18775,18775," 36 months","17.77%",676.6,"10+ years","RENT",53200,"Late (31-120 days)","debt_consolidation","TX",28.47,0,"1992-12-28 10:37:00",63,18,12637,37,14052.05,7441.28,4722.95,2718.33,,,"17.77%",,
3185294,2500,2500," 36 months","15.80%",87.65,"10+ years","MORTGAGE",67000,"Charged Off","debt_consolidation","AK",25.7,0,"1995-12-17 12:29:00",54,12,17577,20,0,350.6,223.3,127.3,,,"15.80%",,
3194718,12000,12000," 36 months","16.29%",423.61,"1 year","MORTGAGE",45000,"Late (31-120 days)","debt_consolidation","PA",19.76,0,"1995-03-21 06:03:00",,10,10397,20,8933.67,4653.22,3066.33,1586.89,,,"16.29%",,
3218184,18000,18000," 36 months","21.00%",678.16,"4 years","RENT",70000,"In Grace Period","debt_consolidation","OR",23.3,0,"2001-04-24 09:29:00",,14,7756,63,13203.34,8127.48,4796.67,3330.81,,,"21.00%",,
3219200,17475,17475," 36 months","11.14%",573.27,"10+ years","RENT",80000,"In Grace Period","credit_card","CA",11.66,0,"1996-01-27 08:11:00",48,13,10414,41,12282.67,6979.24,5192.33,1786.91,,,"11.14%",,
3220678,4725,4725," 36 months","19.05%",173.32,"n/a","OWN",16584,"Late (31-120 days)","home_improvement","PA",20.69,0,"1990-04-24 09:16:00",49,9,7856,19,3553.52,1906.52,1171.48,735.04,,,"19.05%",,
3234657,30000,30000," 60 months","17.27%",749.94,"6 years","OWN",172000,"Late (31-120 days)","home_improvement","GA",20.72,3,"2002-07-15 10:10:00",17,16,3470,38,26968.77,6742.8,3031.23,3711.57,,,"17.27%",,
3288035,13200,13200," 36 months","16.29%",465.97,"5 years","RENT",60000,"Charged Off","credit_card","NY",10.52,0,"2004-08-13 05:02:00",,10,13815,15,0,2329.85,1473.36,856.49,,,"16.29%",,
3293482,12000,12000," 36 months","12.12%",399.26,"1 year","RENT",45000,"Charged Off","debt_consolidation","IL",17.16,0,"1990-05-04 01:38:00",,9,12530,13,0,1197.78,842.63,355.15,,,"12.12%",,
3335775,9325,9325," 36 months","14.33%",320.21,"10+ years","MORTGAGE",30000,"Late (31-120 days)","credit_card","IN",31.92,0,"2003-01-07 06:38:00",,15,14892,30,7583.4,2560.56,1741.6,818.96,,,"14.33%",,
3345574,25475,25475," 36 months","14.33%",874.77,"7 years","RENT",58000,"Charged Off","debt_consolidation","TX",28.45,0,"1998-05-20 09:23:00",,12,23225,42,0,2305.68,570.12,303.98,,,"14.33%",,
3348132,4500,4500," 36 months","19.72%",166.6,"< 1 year","RENT",38000,"Charged Off","other","FL",29.84,0,"2000-09-10 07:57:00",45,10,10826,15,0,419.97,92.64,73.94,,,"19.72%",,
3350732,28000,28000," 60 months","23.63%",799.51,"5 years","RENT",80000,"In Grace Period","debt_consolidation","CA",21.74,0,"2003-12-25 01:06:00",78,7,4318,20,24990.99,8835.08,3009.01,5826.07,,,"23.63%",,
3352083,7350,7350," 36 months","10.16%",237.72,"6 years","RENT",45000,"In Grace Period","debt_consolidation","NY",23.28,0,"2003-09-27 11:21:00",,14,10731,24,5342.05,2606.78,2007.95,598.83,,,"10.16%",,
3359592,9600,9600," 36 months","16.29%",338.89,"n/a","MORTGAGE",45000,"Late (31-120 days)","debt_consolidation","OH",26.48,0,"2000-12-12 06:08:00",,11,11809,14,7384.98,3384.6,2215.02,1169.58,,,"16.29%",,
3379399,19075,19075," 36 months","7.62%",594.41,"5 years","MORTGAGE",75000,"Charged Off","debt_consolidation","FL",28.83,0,"1997-11-03 06:53:00",,11,10847,30,0,1776.06,1423.14,352.92,,,"7.62%",,
3537290,15000,15000," 36 months","6.03%",456.54,"5 years","MORTGAGE",135000,"In Grace Period","debt_consolidation","NY",9.55,1,"2002-09-21 06:15:00",9,10,22898,24,10700.99,5021.06,4299.01,722.05,,,"6.03%",,
3544858,3625,3625," 36 months","19.05%",132.97,"9 years","OWN",24000,"Late (16-30 days)","credit_card","CA",5.9,0,"2003-09-17 08:01:00",,3,5724,4,2815.9,1329.7,809.1,520.6,,,"19.05%",,
3594843,20000,20000," 60 months","15.80%",484.24,"10+ years","OWN",70000,"Default","debt_consolidation","IL",14.33,1,"1984-06-01 09:02:00",22,11,18672,29,17672.28,4842.18,2327.72,2514.46,,,"15.80%",,
3628043,9750,9750," 36 months","15.31%",339.47,"10+ years","MORTGAGE",35000,"Late (31-120 days)","debt_consolidation","KY",29.59,0,"2004-07-17 11:47:00",66,13,8221,22,7712.77,3054.87,2037.23,1017.64,,,"15.31%",,
3629090,14400,14400," 36 months","14.33%",494.47,"5 years","MORTGAGE",65000,"Late (31-120 days)","debt_consolidation","NY",16.5,0,"2005-09-09 09:50:00",,17,11149,25,11660.19,4461.29,2739.81,1696.76,,,"14.33%",,
3640090,18000,18000," 60 months","15.31%",431.16,"10+ years","MORTGAGE",76000,"Late (31-120 days)","debt_consolidation","IL",22.88,0,"1994-03-12 02:36:00",,12,29753,27,16698.74,3280.44,1301.26,1979.18,,,"15.31%",,
3844605,15875,15875," 36 months","19.05%",582.32,"n/a","RENT",36000,"Late (31-120 days)","debt_consolidation","NV",30.33,0,"1992-02-07 01:08:00",,6,31146,19,13261.74,5141.2,2613.25,2498.86,,,"19.05%",,
3848356,3600,3600," 36 months","18.49%",131.04,"5 years","RENT",28000,"In Grace Period","debt_consolidation","OH",6.81,0,"2009-10-07 05:07:00",,7,3901,7,2716.86,1441.44,883.13,543.31,,,"18.49%",,
3919069,25000,25000," 60 months","17.77%",631.72,"2 years","MORTGAGE",145000,"Late (31-120 days)","home_improvement","VA",10.88,0,"2006-09-28 01:03:00",,9,11051,17,22502.06,5685.48,2497.94,3187.54,,,"17.77%",,
3920838,8800,8800," 36 months","16.29%",310.65,"3 years","RENT",38000,"Late (31-120 days)","debt_consolidation","RI",30.25,0,"2001-03-29 12:54:00",,16,18849,35,7197.76,2482.16,1602.24,879.92,,,"16.29%",,
3922742,8875,8875," 36 months","15.80%",311.15,"5 years","RENT",74000,"Late (31-120 days)","major_purchase","NY",4.25,0,"2009-11-13 02:34:00",,6,7001,6,7672.84,1862.76,1202.16,660.6,,,"15.80%",,
4054655,3000,3000," 36 months","19.72%",111.07,"< 1 year","RENT",77500,"In Grace Period","other","CA",8.01,0,"2002-07-24 06:12:00",49,7,3526,26,2322.48,1121.71,677.52,444.19,,,"19.72%",,
4085075,8000,8000," 36 months","16.29%",282.41,"< 1 year","RENT",35000,"Charged Off","debt_consolidation","NJ",22.26,1,"1995-07-03 10:46:00",12,6,13290,23,0,1410.4,891.92,518.48,,,"16.29%",,
4144843,20150,20150," 60 months","23.76%",576.88,"10+ years","RENT",46011,"Late (31-120 days)","credit_card","MI",26.37,0,"2002-04-01 11:01:00",,11,22505,25,18628.04,4643.88,1521.96,3121.92,,,"23.76%",,
4166616,35000,35000," 60 months","21.00%",946.87,"< 1 year","MORTGAGE",125000,"Late (31-120 days)","debt_consolidation","TX",14.55,0,"1997-12-23 02:02:00",76,9,25766,25,32161.26,7559.2,2838.74,4720.46,,,"21.00%",,
4175611,18250,18250," 60 months","15.31%",437.15,"4 years","MORTGAGE",52000,"Late (31-120 days)","debt_consolidation","IL",13.72,0,"2001-04-05 10:32:00",,10,7512,15,16545.64,3486.96,1704.36,1782.6,,,"15.31%",,
4186926,10825,10825," 36 months","14.09%",370.45,"10+ years","MORTGAGE",52000,"Late (31-120 days)","debt_consolidation","CT",25.27,0,"1999-06-17 08:27:00",41,10,9751,20,8531.82,3330.18,2293.18,1037,,,"14.09%",,
4224965,16675,16675," 60 months","23.28%",472.77,"2 years","RENT",40000,"Charged Off","debt_consolidation","FL",32.92,1,"1996-12-30 03:48:00",13,19,18506,39,0,2350.8,771.62,1579.18,,,"23.28%",,
4244564,10750,10750," 36 months","10.16%",347.69,"5 years","MORTGAGE",71000,"Late (31-120 days)","debt_consolidation","TX",22.07,1,"2004-02-22 02:38:00",22,10,4036,26,8106.39,3469.34,2643.61,808.35,,,"10.16%",,
4275187,16000,16000," 36 months","14.33%",549.42,"n/a","RENT",57000,"Default","major_purchase","TX",19.26,0,"1997-06-01 04:33:00",,13,12229,21,13787.36,3292.5,2212.64,1079.86,,,"14.33%",,
4278084,6000,6000," 36 months","17.27%",214.73,"6 years","RENT",42000,"Late (31-120 days)","credit_card","CA",22.45,0,"2006-06-18 06:52:00",,11,7225,22,5201.47,1288.38,798.53,489.85,,,"17.27%",,
4285061,13375,13375," 36 months","15.80%",468.91,"2 years","MORTGAGE",41000,"Charged Off","debt_consolidation","OK",31.2,2,"1998-06-26 12:18:00",6,12,18353,27,0,1874.52,1193.85,680.67,,,"15.80%",,
4288615,11700,11700," 36 months","16.29%",413.02,"3 years","OWN",35000,"Late (31-120 days)","debt_consolidation","TX",12.62,0,"2006-03-21 08:50:00",,6,4427,14,9846.53,2891.14,1853.47,1037.67,,,"16.29%",,
4305599,19750,19750," 60 months","21.49%",539.77,"10+ years","MORTGAGE",45000,"Late (31-120 days)","debt_consolidation","UT",34.4,0,"1994-01-19 09:27:00",74,11,7440,27,18167.92,4309.2,1582.08,2727.12,,,"21.49%",,
4528657,3000,3000," 36 months","15.31%",104.46,"< 1 year","RENT",20000,"Charged Off","debt_consolidation","NV",2.04,0,"1996-04-24 07:56:00",,3,34,5,0,417.84,234.14,183.7,,,"15.31%",,
4536406,7200,7200," 36 months","19.05%",264.11,"2 years","MORTGAGE",34000,"Late (31-120 days)","other","CA",14.15,0,"1998-09-09 08:16:00",76,9,11919,16,6100.05,1848.77,1099.96,748.81,,,"19.05%",,
4537599,20000,20000," 60 months","24.83%",585.04,"< 1 year","MORTGAGE",62000,"Late (31-120 days)","debt_consolidation","OR",14.09,0,"2006-04-01 03:48:00",,8,2872,20,18527.97,4677.04,1472.03,3205.01,,,"24.83%",,
4544683,6950,6950," 36 months","18.49%",252.98,"10+ years","MORTGAGE",38000,"Charged Off","debt_consolidation","TN",11.94,0,"2001-07-25 05:59:00",,7,4198,12,0,505.96,294.03,211.93,,,"18.49%",,
4754590,14675,14675," 36 months","14.33%",503.92,"2 years","MORTGAGE",47000,"Late (31-120 days)","debt_consolidation","PA",32.05,2,"1993-12-13 05:05:00",11,11,2838,25,12993.44,2517.3,1681.56,835.74,,,"14.33%",,
4767085,18000,18000," 36 months","12.12%",598.89,"6 years","MORTGAGE",67000,"Late (31-120 days)","debt_consolidation","VA",19.51,0,"1994-06-10 11:58:00",,16,40006,50,14997.04,4189.15,3002.96,1186.19,,,"12.12%",,
4767886,35000,35000," 36 months","22.95%",1353.93,"10+ years","OWN",120000,"Charged Off","debt_consolidation","TX",29.39,2,"1990-08-01 10:43:00",2,8,20743,19,0,2705.1,1367.71,1337.39,,,"22.95%",,
4776497,10750,10750," 36 months","11.14%",352.66,"n/a","MORTGAGE",32400,"Charged Off","debt_consolidation","VA",12.3,0,"1998-08-18 05:44:00",33,8,9940,13,0,352.63,252.84,99.79,,,"11.14%",,
5146221,8000,8000," 36 months","15.80%",280.47,"10+ years","MORTGAGE",40000,"Late (16-30 days)","debt_consolidation","GA",15.42,0,"1981-02-02 06:06:00",28,12,11977,19,6533.71,2242.08,1466.29,775.79,,,"15.80%",,
5176174,12000,12000," 36 months","19.05%",440.18,"5 years","RENT",70000,"Late (31-120 days)","other","CA",24.53,0,"2005-04-27 05:39:00",,8,16708,17,10507.96,3081.26,1492.04,1589.22,,,"19.05%",,
5336077,28000,28000," 60 months","21.49%",765.24,"6 years","MORTGAGE",97000,"Default","credit_card","CA",8.08,0,"2005-10-29 05:46:00",,11,30046,15,26917.28,3057.6,1082.72,1974.88,,,"21.49%",,
5414607,22250,22250," 60 months","21.00%",601.94,"10+ years","MORTGAGE",50350,"Charged Off","debt_consolidation","NC",18.21,0,"2005-07-02 06:00:00",,5,6084,14,0,1805.67,648.87,1156.8,,,"21.00%",,
5615117,17625,17625," 60 months","21.00%",476.82,"10+ years","RENT",39500,"Charged Off","credit_card","GA",18.77,0,"1987-12-10 03:47:00",,15,7460,24,0,1904.52,690.42,1214.1,,,"21.00%",,
5629872,12000,12000," 60 months","23.28%",340.22,"5 years","OWN",65000,"Charged Off","debt_consolidation","FL",12.66,0,"2002-06-01 07:22:00",27,10,8828,28,0,338.37,106.84,231.53,,,"23.28%",,
5768279,19500,19500," 60 months","24.50%",566.65,"3 years","MORTGAGE",56800,"In Grace Period","debt_consolidation","CT",9.72,0,"1988-04-13 10:56:00",30,10,16576,16,18435.81,3399.9,1064.19,2335.71,,,"24.50%",,
5772046,19000,19000," 36 months","21.98%",725.43,"8 years","MORTGAGE",62000,"Late (31-120 days)","debt_consolidation","CA",8.99,0,"2002-06-12 12:45:00",,10,12566,14,17450.67,2897.4,1549.33,1348.07,,,"21.98%",,
5777793,18000,18000," 36 months","12.12%",598.89,"5 years","MORTGAGE",60000,"Late (16-30 days)","debt_consolidation","WA",17.14,0,"1995-09-12 08:22:00",80,9,15080,31,14990.8,4191.67,3009.2,1182.47,,,"12.12%",,
5791192,18400,18400," 36 months","8.90%",584.26,"10+ years","MORTGAGE",140000,"Late (31-120 days)","debt_consolidation","CA",11.79,0,"2002-10-08 11:36:00",,9,13978,19,16127.57,2921.3,2272.43,648.87,,,"8.90%",,
5876000,16000,16000," 60 months","22.70%",448.3,"5 years","RENT",85000,"Default","debt_consolidation","MD",15.2,0,"2006-07-27 04:27:00",68,12,5905,29,15554.99,1344.27,445.01,899.26,,,"22.70%",,
5946216,11500,11500," 36 months","17.56%",413.22,"6 years","RENT",40000,"In Grace Period","other","NY",10.53,1,"1991-11-16 03:25:00",10,9,8665,24,9713.04,2884.91,1786.96,1097.95,,,"17.56%",,
5958249,4950,4950," 36 months","21.60%",188.02,"10+ years","MORTGAGE",17500,"Charged Off","other","NY",17.9,0,"2002-11-20 12:45:00",,12,2861,20,0,187.37,98.58,88.79,,,"21.60%",,
5960172,6000,6000," 36 months","9.71%",192.79,"4 years","RENT",80000,"Late (31-120 days)","credit_card","TX",27.83,0,"1992-08-16 01:50:00",,12,11386,27,5393.75,927.66,606.25,321.41,,,"9.71%",,
5964588,4650,4650," 36 months","19.52%",171.68,"< 1 year","MORTGAGE",28000,"Late (31-120 days)","debt_consolidation","NC",20.2,0,"2005-08-02 04:12:00",72,7,5892,19,3959.01,1201.76,690.99,495.77,,,"19.52%",,
6064819,35000,35000," 36 months","22.70%",1349.38,"3 years","RENT",150000,"Late (31-120 days)","debt_consolidation","NY",19.51,2,"1989-01-16 10:35:00",17,8,21894,14,32898.92,4048.02,2101.08,1946.94,,,"22.70%",,
3925460,5250,5250," 36 months","17.27%",187.89,"9 years","MORTGAGE",58600,"Charged Off","credit_card","CA",23.49,0,"2010-01-18 05:32:00",,7,2615,13,0,935.25,575.49,359.76,,,"17.27%",,
3931565,14750,14750," 36 months","14.33%",506.49,"3 years","RENT",42240,"Late (31-120 days)","debt_consolidation","UT",27.81,1,"2004-11-08 06:46:00",16,10,5946,20,11402.09,5064.9,3347.91,1716.99,,,"14.33%",,
4034687,10000,10000," 36 months","12.12%",332.72,"n/a","OWN",77400,"In Grace Period","debt_consolidation","NY",9.16,0,"1972-04-06 06:48:00",,12,17330,30,7575.91,3325.4,2424.09,901.31,,,"12.12%",,
4244772,6250,6250," 36 months","17.77%",225.24,"10+ years","RENT",23000,"Charged Off","debt_consolidation","NH",17.32,2,"1996-12-30 10:13:00",9,8,11737,19,0,450.32,267.25,183.07,,,"17.77%",,
4566304,17000,17000," 36 months","16.29%",600.11,"10+ years","MORTGAGE",78500,"Charged Off","credit_card","PA",20.13,0,"1976-08-05 10:04:00",,23,20182,40,0,599.68,369.07,230.61,,,"16.29%",,
4584570,4375,4375," 36 months","15.31%",152.33,"n/a","RENT",16000,"Late (31-120 days)","credit_card","IL",22.13,0,"1995-03-29 02:17:00",,9,6131,21,3567.9,1218.08,807.1,410.98,,,"15.31%",,
4784910,15000,15000," 36 months","19.05%",550.22,"3 years","RENT",38000,"In Grace Period","credit_card","CA",22.11,0,"2009-05-20 12:10:00",,8,10493,10,12006.23,4951.62,2993.77,1957.85,,,"19.05%",,
4864902,13000,13000," 60 months","21.98%",358.9,"8 years","OWN",50000,"In Grace Period","debt_consolidation","MA",14.02,1,"2007-07-05 04:38:00",23,12,7431,19,11969.47,2871.2,1030.53,1840.67,,,"21.98%",,
5004635,30000,30000," 60 months","22.47%",836.61,"6 years","RENT",140000,"Charged Off","credit_card","CA",10.96,2,"1997-07-28 06:57:00",10,13,30279,23,0,835.95,274.64,561.31,,,"22.47%",,
5034745,9250,9250," 36 months","16.29%",326.53,"1 year","OWN",30000,"Charged Off","debt_consolidation","FL",25.97,0,"2007-08-04 06:01:00",,8,8731,10,0,979.29,610.92,368.37,,,"16.29%",,
5041292,16750,16750," 60 months","23.76%",479.54,"10+ years","RENT",38188,"Charged Off","debt_consolidation","TN",17.88,1,"2001-06-10 03:25:00",4,4,2938,20,0,959.04,298.7,660.34,,,"23.76%",,
5154888,20000,20000," 36 months","18.49%",727.98,"8 years","RENT",60000,"Charged Off","debt_consolidation","CA",24.96,0,"2000-05-06 08:55:00",,9,5365,36,0,727.98,419.81,308.17,,,"18.49%",,
5155671,3275,3275," 36 months","16.29%",115.61,"10+ years","RENT",51000,"Charged Off","debt_consolidation","NJ",24.32,0,"1998-07-08 12:30:00",79,21,17170,28,0,231.02,143.15,87.87,,,"16.29%",,
5194951,5000,5000," 36 months","19.72%",185.11,"4 years","RENT",45000,"Late (31-120 days)","other","CA",10.53,0,"2004-10-27 11:22:00",,9,8750,11,4358.57,1110,641.43,468.57,,,"19.72%",,
5224610,10000,10000," 36 months","15.80%",350.59,"n/a","MORTGAGE",50720,"Late (31-120 days)","debt_consolidation","RI",21.92,2,"1988-07-27 06:02:00",2,14,3632,25,8884.83,2104.41,1115.17,989.24,,,"15.80%",,
5394811,8825,8825," 36 months","14.09%",302.01,"10+ years","MORTGAGE",62556,"Default","credit_card","TN",27.37,2,"2000-12-26 01:45:00",12,9,7355,34,8018.4,1206.48,806.6,399.88,,,"14.09%",,
5424705,13100,13100," 60 months","17.27%",327.48,"2 years","RENT",42000,"Charged Off","debt_consolidation","TN",24.31,0,"2004-06-07 09:42:00",,10,2894,13,0,982.44,422.88,559.56,,,"17.27%",,
5606976,15000,15000," 60 months","17.77%",379.03,"8 years","RENT",64000,"Late (31-120 days)","debt_consolidation","FL",22.49,0,"2003-12-24 02:56:00",,10,12717,21,14024.7,2270.28,975.3,1294.98,,,"17.77%",,
5619268,8000,8000," 36 months","16.29%",282.41,"1 year","RENT",53000,"Late (31-120 days)","debt_consolidation","MO",26.85,0,"2003-05-25 11:22:00",,7,22029,22,6923.35,1690.92,1076.65,614.27,,,"16.29%",,
5765113,22000,22000," 60 months","14.33%",515.68,"10+ years","MORTGAGE",50000,"Late (31-120 days)","debt_consolidation","KY",24.1,0,"2002-04-23 05:37:00",,10,28435,19,20973.53,2055.4,1026.47,1028.93,,,"14.33%",,
5784002,15000,15000," 36 months","11.14%",492.08,"5 years","RENT",37000,"Late (31-120 days)","debt_consolidation","NV",10.86,1,"1994-11-23 04:29:00",8,7,10799,18,12732.3,3300.87,2267.7,1033.17,,,"11.14%",,
5786927,2650,2650," 36 months","19.72%",98.11,"< 1 year","OWN",11000,"Charged Off","debt_consolidation","TX",13.96,0,"2009-10-27 11:23:00",,13,3253,20,0,293.34,165.83,127.51,,,"19.72%",,
5795927,4800,4800," 36 months","17.27%",171.78,"10+ years","OWN",27768,"Late (31-120 days)","other","CT",13.7,0,"1998-12-26 01:52:00",,10,127,23,4163.99,1026.18,636.01,390.17,,,"17.27%",,
5895940,7575,7575," 36 months","17.56%",272.19,"7 years","MORTGAGE",46000,"Late (31-120 days)","other","FL",14.61,0,"2000-03-01 06:00:00",61,5,3492,9,6411.79,1902.09,1163.21,723.88,,,"17.56%",,
5938202,6000,6000," 36 months","18.85%",219.49,"7 years","RENT",85000,"Late (16-30 days)","house","TX",19.45,1,"1986-01-18 03:05:00",18,8,20413,8,5219.66,1330.26,780.34,534.93,,,"18.85%",,
5938474,18000,18000," 60 months","15.88%",436.58,"2 years","RENT",80000,"Charged Off","credit_card","CA",13.55,0,"2001-07-28 07:47:00",58,12,10421,25,0,871.74,398.74,473,,,"15.88%",,
5945956,10000,10000," 36 months","15.22%",347.74,"3 years","RENT",37720,"Late (31-120 days)","debt_consolidation","FL",11.48,0,"2003-04-17 10:08:00",,6,13177,14,8634.73,2082,1365.27,716.73,,,"15.22%",,
5950007,19200,19200," 60 months","9.71%",405.21,"< 1 year","MORTGAGE",55000,"Late (31-120 days)","debt_consolidation","TX",28.89,0,"1998-06-16 07:04:00",39,12,18998,31,17934.88,2018.85,1265.12,753.73,,,"9.71%",,
5956086,20000,20000," 36 months","18.85%",731.61,"6 years","RENT",55000,"Late (31-120 days)","debt_consolidation","TX",28.56,1,"1999-07-07 11:58:00",14,8,11235,10,18727.89,2194.83,1272.11,922.72,,,"18.85%",,
5958466,8000,8000," 36 months","11.55%",264,"10+ years","RENT",42000,"Late (31-120 days)","debt_consolidation","NY",28.97,0,"1997-10-17 04:24:00",,9,21444,11,7447.95,923.71,552.05,371.66,,,"11.55%",,
5959156,21725,21725," 60 months","15.88%",526.93,"10+ years","MORTGAGE",49357,"In Grace Period","debt_consolidation","MI",16,0,"1983-05-05 11:15:00",,9,7183,17,19987.81,3673.95,1737.19,1936.76,,,"15.88%",,
5984718,7200,7200," 36 months","18.25%",261.21,"10+ years","RENT",55000,"Late (31-120 days)","home_improvement","MI",14.81,0,"2001-08-03 02:57:00",56,6,5066,20,6256.67,1563.54,943.33,620.21,,,"18.25%",,
6105806,20000,20000," 60 months","22.20%",554.66,"10+ years","MORTGAGE",200000,"Late (31-120 days)","home_improvement","CA",7.27,1,"1995-03-11 12:40:00",18,14,26792,24,19042.44,2771.75,957.56,1814.19,,,"22.20%",,
6104763,6500,6500," 36 months","17.56%",233.56,"n/a","RENT",23000,"Late (16-30 days)","credit_card","MI",17.27,0,"1976-01-17 08:47:00",,5,13549,7,5639.13,1400.1,860.87,539.23,,,"17.56%",,
6158375,13200,13200," 36 months","11.55%",435.6,"10+ years","MORTGAGE",96000,"Late (31-120 days)","debt_consolidation","VA",28.12,0,"1995-05-13 11:40:00",,13,22817,34,12265.67,1306.44,934.33,372.11,,,"11.55%",,
6165849,12250,12250," 36 months","13.68%",416.78,"10+ years","MORTGAGE",35000,"Charged Off","debt_consolidation","MI",13.27,1,"1999-07-16 10:04:00",17,11,8051,23,0,833.4,557.31,276.09,,,"13.68%",,
6175384,12000,12000," 60 months","25.89%",358.51,"7 years","RENT",49000,"Late (31-120 days)","moving","IL",28.78,0,"2000-11-06 05:04:00",,11,9463,48,11588.48,1434.04,411.52,1022.52,,,"25.89%",,
6286164,26000,26000," 60 months","20.31%",693.34,"10+ years","MORTGAGE",61500,"Late (31-120 days)","debt_consolidation","UT",16.25,0,"1999-07-25 12:46:00",65,11,13158,22,24692.76,3459.25,1307.24,2152.01,,,"20.31%",,
6295844,11675,11675," 60 months","21.15%",316.84,"10+ years","MORTGAGE",35000,"Late (31-120 days)","debt_consolidation","CO",19.95,0,"2002-09-07 09:46:00",,12,11000,36,11220.46,1262.88,454.54,808.34,,,"21.15%",,
6414697,12000,12000," 60 months","13.68%",277.24,"4 years","MORTGAGE",221000,"Late (31-120 days)","debt_consolidation","NC",9.4,0,"1994-02-28 07:45:00",,7,30239,23,11281.74,1385.95,718.26,667.69,,,"13.68%",,
6524813,6000,6000," 36 months","16.78%",213.26,"2 years","MORTGAGE",60000,"Charged Off","credit_card","TX",20.32,0,"2003-11-10 01:00:00",,7,9334,25,0,212.66,129,83.66,,,"16.78%",,
6527892,10600,10600," 36 months","13.68%",360.64,"10+ years","RENT",37700,"In Grace Period","debt_consolidation","CA",11.71,0,"2003-01-18 12:40:00",,10,10953,20,9119.86,2181.7,1480.14,683.53,,,"13.68%",,
6533025,17050,17050," 60 months","15.88%",413.54,"10+ years","MORTGAGE",38000,"Late (31-120 days)","debt_consolidation","IL",31.61,0,"1990-08-31 03:00:00",30,6,21131,13,15907.9,2475.54,1142.1,1312.76,,,"15.88%",,
6538693,6000,6000," 36 months","15.22%",208.64,"6 years","RENT",38922,"In Grace Period","debt_consolidation","GA",15.97,0,"2008-03-23 04:55:00",,8,8429,12,5184.07,1244.28,815.93,428.35,,,"15.22%",,
6607215,2000,2000," 36 months","16.78%",71.09,"10+ years","MORTGAGE",63000,"Charged Off","medical","IL",22.13,0,"1997-07-31 09:05:00",,8,30487,17,0,212.58,130.76,81.82,,,"16.78%",,
6626836,10000,10000," 36 months","15.88%",350.98,"8 years","RENT",60000,"Charged Off","debt_consolidation","CA",14.37,0,"1997-12-27 04:37:00",,7,9515,14,0,349.76,217.89,131.87,,,"15.88%",,
6707965,10000,10000," 36 months","10.64%",325.69,"10+ years","MORTGAGE",70000,"Late (31-120 days)","credit_card","TX",29.86,0,"1992-12-08 01:33:00",,11,17855,27,9041.2,1300.08,958.8,341.28,,,"10.64%",,
6716695,35000,35000," 60 months","26.06%",1049.17,"6 years","MORTGAGE",120000,"Late (31-120 days)","debt_consolidation","UT",16.03,0,"2002-01-09 09:21:00",74,10,17719,46,33810.86,4177.64,1189.14,2988.5,,,"26.06%",,
6817730,10000,10000," 36 months","10.64%",325.69,"10+ years","MORTGAGE",135000,"Late (31-120 days)","credit_card","TX",2.46,0,"1984-11-18 11:48:00",,2,8333,7,9039.22,1302.76,960.78,341.98,,,"10.64%",,
6836115,5700,5700," 36 months","14.33%",195.73,"< 1 year","MORTGAGE",27500,"Late (31-120 days)","debt_consolidation","TN",29.11,0,"2000-12-21 08:57:00",,8,17404,22,5313.83,585.06,386.17,198.89,,,"14.33%",,
6935719,35000,35000," 60 months","25.99%",1047.71,"< 1 year","RENT",160000,"Late (31-120 days)","credit_card","WA",28.71,0,"2004-03-12 06:20:00",67,17,32578,43,34113.82,3136.83,886.18,2250.65,,,"25.99%",,
7048231,11100,11100," 60 months","21.60%",304.06,"3 years","RENT",32000,"Default","credit_card","OK",21.9,0,"1999-04-21 07:28:00",,11,15610,18,10995.86,303.7,104.14,199.56,,,"21.60%",,
7297087,3625,3625," 36 months","18.55%",132.06,"n/a","RENT",13104,"Late (31-120 days)","debt_consolidation","NC",20.33,0,"1994-03-27 12:59:00",,7,7118,9,3471.78,264.12,153.22,110.9,,,"18.55%",,
7345767,15900,15900," 60 months","24.50%",462.04,"10+ years","RENT",59412,"Late (31-120 days)","debt_consolidation","GA",25.09,0,"2001-01-21 06:00:00",,5,0,40,15480.3,1382.76,419.7,963.06,,,"24.50%",,
7346213,21000,21000," 36 months","6.97%",648.14,"2 years","MORTGAGE",66000,"Late (16-30 days)","credit_card","WA",8.47,0,"1995-06-23 12:39:00",37,10,21761,23,18879.26,2589.72,2120.74,468.98,,,"6.97%",,
7534956,26500,26500," 60 months","21.00%",716.92,"10+ years","RENT",60000,"Late (31-120 days)","credit_card","MI",7.82,0,"1997-08-20 11:32:00",,9,19575,25,25728.27,2147.55,771.73,1375.82,,,"21.00%",,
7685287,22250,22250," 60 months","11.99%",494.83,"4 years","RENT",50000,"Late (31-120 days)","debt_consolidation","MI",20.28,0,"1994-03-17 06:50:00",,5,9576,24,21704.03,986.44,545.97,440.47,,,"11.99%",,
7955388,20000,20000," 60 months","23.40%",568.42,"1 year","RENT",60000,"In Grace Period","debt_consolidation","CA",10.52,0,"2002-07-11 01:39:00",80,6,18309,21,19454.27,1705.14,545.73,1159.41,,,"23.40%",,
8669090,12000,12000," 60 months","18.55%",308.33,"6 years","MORTGAGE",70000,"Late (31-120 days)","credit_card","AK",18.31,0,"2004-04-07 12:00:00",44,12,10441,23,11752.58,616.32,247.42,368.9,,,"18.55%",,
9026158,2000,2000," 36 months","23.70%",78.16,"1 year","RENT",41000,"In Grace Period","small_business","NY",14.49,0,"2007-02-22 12:00:00",,8,12941,14,1922.04,156.08,77.96,78.12,,,"23.70%",,
9354586,13500,13500," 60 months","16.24%",330.02,"10+ years","MORTGAGE",75000,"Late (16-30 days)","other","FL",21.17,0,"1999-07-04 12:00:00",,11,30214,24,13352.7,329.97,147.3,182.67,,,"16.24%",,
6154926,6000,6000," 60 months","25.28%",177.1,"7 years","RENT",60000,"Late (31-120 days)","other","TX",9.24,0,"1999-02-15 01:17:00",,12,18600,17,5681.44,1074.38,318.56,740.85,,,"25.28%",,
6328367,5500,5500," 36 months","14.33%",188.86,"1 year","MORTGAGE",32400,"In Grace Period","debt_consolidation","CA",30.85,0,"2000-12-18 11:51:00",,15,11005,19,4740.83,1129.68,759.17,370.51,,,"14.33%",,
6375788,5375,5375," 36 months","15.88%",188.66,"3 years","RENT",178000,"Late (31-120 days)","car","DC",4.92,1,"2001-03-23 05:48:00",11,5,517,31,4771.71,943.1,603.29,339.81,,,"15.88%",,
6394690,35000,35000," 60 months","24.08%",1008.51,"n/a","RENT",117120,"Late (31-120 days)","major_purchase","FL",12.19,0,"1989-04-24 06:54:00",42,13,29968,35,33406.94,5050.95,1593.06,3447.89,,,"24.08%",,
6528667,20000,20000," 60 months","15.88%",485.09,"4 years","OWN",84000,"In Grace Period","debt_consolidation","NY",19.03,0,"2000-01-05 11:49:00",,17,27780,41,18635.01,2906.1,1364.99,1541.11,,,"15.88%",,
6553586,29700,29700," 60 months","25.83%",886.25,"10+ years","MORTGAGE",67000,"Late (31-120 days)","debt_consolidation","AL",27.33,0,"1996-11-28 03:54:00",,10,18267,24,28945.37,2650.65,754.63,1896.02,,,"25.83%",,
6581720,15800,15800," 36 months","11.55%",521.4,"7 years","RENT",44278.41,"Late (31-120 days)","debt_consolidation","DC",21.63,0,"2007-05-03 09:08:00",,17,18345,28,14302.99,2083.16,1497.01,586.15,,,"11.55%",,
6634786,13225,13225," 36 months","14.33%",454.13,"7 years","MORTGAGE",60500,"In Grace Period","debt_consolidation","AL",24.63,2,"2002-03-03 10:12:00",9,9,6917,23,11396.02,2721.6,1828.98,892.62,,,"14.33%",,
6695750,6000,6000," 36 months","18.85%",219.49,"10+ years","OWN",89000,"In Grace Period","debt_consolidation","RI",8.22,2,"1998-01-29 05:12:00",13,9,4741,25,5353.99,1097.15,646.01,451.14,,,"18.85%",,
6726328,16425,16425," 60 months","16.78%",406.27,"6 years","MORTGAGE",38000,"Late (31-120 days)","major_purchase","TX",21.35,0,"1998-03-30 03:59:00",,20,21170,43,15521.29,2236.99,903.71,1333.28,,,"16.78%",,
6924858,19375,19375," 36 months","13.68%",659.19,"5 years","RENT",63000,"In Grace Period","debt_consolidation","NJ",34.76,0,"1999-04-07 06:49:00",70,9,16311,32,17133.02,3295.75,2241.98,1053.77,,,"13.68%",,
6935941,8875,8875," 36 months","15.22%",308.62,"6 years","MORTGAGE",26000,"In Grace Period","debt_consolidation","MO",19.94,0,"2001-04-30 02:44:00",,7,4304,9,7871.46,1540.15,1003.54,536.61,,,"15.22%",,
7045052,10750,10750," 36 months","11.99%",357.01,"< 1 year","RENT",32000,"In Grace Period","credit_card","LA",17.7,0,"1995-01-07 11:48:00",,6,20420,24,9736.71,1427.8,1013.29,414.51,,,"11.99%",,
7275775,10000,10000," 36 months","11.99%",332.1,"7 years","RENT",50000,"Late (31-120 days)","debt_consolidation","CA",15.79,2,"2005-09-23 06:49:00",13,10,2975,22,9708.2,782.1,291.8,490.3,,,"11.99%",,
7342329,14000,14000," 60 months","21.70%",384.29,"3 years","OWN",68000,"In Grace Period","debt_consolidation","MI",16.69,1,"1987-05-14 05:47:00",13,9,7333,52,13461.28,1536.68,538.72,997.96,,,"21.70%",,
7564585,8000,8000," 36 months","6.97%",246.91,"10+ years","MORTGAGE",85000,"Late (31-120 days)","home_improvement","NY",18.06,0,"1983-11-03 06:05:00",,16,3289,25,7598.45,493.2,401.55,91.65,,,"6.97%",,
7658008,23675,23675," 60 months","23.10%",668.78,"3 years","MORTGAGE",84000,"Late (31-120 days)","small_business","NC",16.27,0,"2001-12-02 07:21:00",,10,18372,21,23462.15,668.2,212.85,455.35,,,"23.10%",,
7690943,7350,7350," 36 months","17.10%",262.42,"5 years","RENT",35000,"Late (16-30 days)","home_improvement","CA",25.07,0,"1999-11-17 12:00:00",,6,3410,13,6870.34,786.99,479.66,307.33,,,"17.10%",,
7695435,9125,9125," 36 months","10.99%",298.7,"7 years","OWN",27000,"Late (31-120 days)","credit_card","PA",21.91,0,"1991-02-01 08:54:00",65,13,9573,35,8909.87,298.7,215.13,83.57,,,"10.99%",,
8560454,8500,8500," 36 months","12.99%",286.36,"4 years","MORTGAGE",135000,"Late (16-30 days)","major_purchase","VA",9.68,3,"1995-09-09 12:00:00",15,11,5616,15,8109.41,572.42,390.59,181.83,,,"12.99%",,
8665120,8000,8000," 36 months","9.67%",256.9,"< 1 year","RENT",40000,"In Grace Period","credit_card","OR",11.82,0,"2004-06-30 12:00:00",,15,5880,27,7614.02,513.22,385.98,127.24,,,"9.67%",,
8825313,35000,35000," 36 months","10.99%",1145.69,"10+ years","MORTGAGE",79000,"In Grace Period","debt_consolidation","WA",15.25,0,"1998-05-18 12:00:00",,9,14232,25,33346.79,2284.96,1653.21,631.75,,,"10.99%",,
8885916,20000,20000," 60 months","14.30%",468.49,"1 year","MORTGAGE",48000,"Late (16-30 days)","debt_consolidation","FL",25.2,0,"1993-09-10 12:00:00",,9,9655,19,19536.94,936.98,463.06,473.92,,,"14.30%",,
8959655,2500,2500," 36 months","11.99%",83.03,"n/a","RENT",10000,"Late (16-30 days)","debt_consolidation","NV",8.16,0,"2006-06-19 12:00:00",,7,1846,12,2383.32,166.06,116.68,49.38,,,"11.99%",,
9195936,6000,6000," 36 months","16.20%",211.54,"3 years","MORTGAGE",70000,"In Grace Period","medical","WA",15.58,2,"1995-11-29 12:00:00",9,6,12724,25,5737.33,422.8,262.67,160.13,,,"16.20%",,
9245259,7550,7550," 36 months","24.50%",298.2,"10+ years","RENT",70500,"Late (31-120 days)","debt_consolidation","IL",5.99,0,"1998-05-04 12:00:00",,5,8666,6,7276.89,596.4,273.11,308.29,,,"24.50%",,
10118010,3600,3600," 36 months","16.24%",127,"10+ years","MORTGAGE",129996,"In Grace Period","medical","CA",16.85,2,"1999-08-27 12:00:00",15,12,10730,30,3521.74,126.97,78.26,48.71,,,"16.24%",,
